ID	Label
D1-163	Human
D1-184	AI
D1-274	AI
D1-354	Human
D1-508	AI
D1-723	AI
D1-751	AI
D1-963	AI
D1-1081	AI
D1-1097	AI
D1-1250	Human
D1-1399	AI
D1-1446	AI
D1-1502	Human
D1-1670	AI
D1-1826	AI
D1-2075	AI
D1-2218	AI
D1-2414	AI
D1-2576	AI
D1-2759	Human
D1-2800	Human
D1-2912	AI
D1-2937	Human
D1-3041	AI
D1-3066	AI
D1-3118	AI
D1-3188	AI
D1-3319	AI
D1-3399	AI
D1-3598	AI
D1-3737	AI
D1-3825	AI
D1-3859	AI
D1-3873	AI
D1-4116	AI
D1-4193	AI
D1-4248	AI
D1-4280	AI
D1-4669	AI
D1-4795	AI
D1-4841	AI
D1-4947	AI
D1-4963	AI
D1-5193	AI
D1-5206	Human
D1-5228	AI
D1-5270	AI
D1-5470	AI
D1-5571	AI
D1-5612	AI
D1-5679	AI
D1-5686	AI
D1-5696	AI
D1-5801	AI
D1-6051	AI
D1-6185	AI
D1-6294	Human
D1-6342	AI
D1-6423	AI
D1-6521	Human
D1-6569	AI
D1-6598	AI
D1-6666	AI
D1-6740	Human
D1-6759	AI
D1-6794	AI
D1-6987	AI
D1-6988	AI
D1-7017	AI
D1-7184	AI
D1-7187	AI
D1-7188	AI
D1-7205	AI
D1-7284	AI
D1-7325	Human
D1-7339	AI
D1-7396	Human
D1-7440	AI
D1-7650	AI
D1-7686	AI
D1-7935	AI
D1-7945	AI
D1-7980	AI
D1-8138	AI
D1-8392	AI
D1-8424	AI
D1-8535	AI
D1-9107	AI
D1-9294	AI
D1-9463	AI
D1-9850	AI
D1-9870	AI
D1-9875	AI
D1-9964	AI
D1-10339	AI
D1-10412	AI
D1-10547	AI
D1-10722	AI
D1-11329	AI
D1-11343	AI
D1-11520	Human
D1-11694	Human
D1-11730	AI
D1-11791	AI
D1-12046	Human
D1-12081	AI
D1-12101	AI
D1-12145	Human
D1-12347	AI
D1-12520	AI
D1-12589	AI
D1-12691	Human
D1-12715	Human
D1-12972	AI
D1-12984	AI
D1-13269	AI
D1-13292	AI
D1-13606	AI
D1-13629	AI
D1-13874	AI
D1-14038	AI
D1-14095	AI
D1-14241	AI
D1-14282	AI
D1-14433	AI
D1-14435	AI
D1-14719	Human
D1-14952	AI
D1-15103	AI
D1-15303	AI
D1-15389	AI
D1-15401	AI
D1-15514	Human
D1-15546	AI
D1-15562	AI
D1-15579	AI
D1-15691	AI
D1-15707	AI
D1-15710	AI
D1-15722	AI
D1-15752	Human
D1-15759	Human
D1-15942	AI
D1-15966	Human
D1-16041	AI
D1-16216	AI
D1-16555	AI
D1-16771	AI
D1-16787	AI
D1-16902	AI
D1-16999	AI
D1-17051	AI
D1-17296	AI
D1-17360	AI
D1-17364	AI
D1-17429	Human
D1-17770	Human
D1-17837	AI
D1-18009	AI
D1-18056	AI
D1-18179	AI
D1-18279	AI
D1-18701	AI
D1-18833	AI
D1-18879	AI
D1-18928	AI
D1-18949	AI
D1-19016	AI
D1-19123	AI
D1-19168	AI
D1-19392	AI
D1-19461	AI
D1-19476	AI
D1-19605	AI
D1-19620	AI
D1-19634	Human
D1-19649	AI
D1-20069	AI
D1-20216	AI
D1-20323	AI
D1-20582	AI
D1-20639	AI
D1-20754	AI
D1-20755	AI
D1-20864	AI
D1-20905	AI
D1-21069	Human
D1-21297	AI
D1-21751	AI
D1-21796	AI
D1-21933	AI
D1-21991	AI
D1-22033	AI
D1-22085	Human
D1-22087	Human
D1-22220	AI
D1-22282	AI
D1-22307	AI
D1-22365	AI
D1-22583	AI
D1-22634	AI
D1-22696	AI
D1-22837	AI
D1-22939	AI
D1-23066	AI
D1-23148	AI
D1-23157	AI
D1-23482	AI
D1-23633	AI
D1-23717	AI
D1-23740	AI
D1-23838	AI
D1-24075	AI
D1-24105	AI
D1-24227	AI
D1-24372	AI
D1-24470	Human
D1-24501	AI
D1-24669	AI
D1-24781	AI
D1-24782	AI
D1-24870	AI
D1-24879	AI
D1-24953	Human
D1-25021	AI
D1-25027	AI
D1-25028	AI
D1-25452	Human
D1-25522	AI
D1-25736	AI
D1-25785	AI
D1-25896	AI
D1-25956	AI
D1-26078	AI
D1-26679	AI
D1-26699	AI
D1-26750	AI
D1-26782	Human
D1-26838	AI
D1-27397	Human
D1-27598	AI
D1-27661	AI
D1-27665	AI
D1-27752	AI
D1-27868	AI
D1-27999	AI
D1-28460	AI
D1-28531	Human
D1-28532	AI
D1-28751	Human
D1-28855	AI
D1-28880	AI
D1-29043	Human
D1-29300	AI
D1-29453	AI
D1-29519	AI
D1-29637	AI
D1-29923	AI
D1-30288	AI
D1-30306	AI
D1-30307	Human
D1-30324	AI
D1-30654	AI
D1-30776	AI
D1-30989	AI
D1-31056	AI
D1-31088	AI
D1-31204	AI
D1-31209	AI
D1-31217	AI
D1-31274	AI
D1-31373	AI
D1-31521	AI
D1-31642	AI
D1-31925	AI
D1-32110	AI
D1-32233	AI
D1-32326	AI
D1-32652	AI
D1-32780	AI
D1-32865	AI
D1-32914	AI
D1-33189	AI
D1-33299	AI
D1-33614	AI
D1-33828	AI
D1-33844	AI
D1-33922	AI
D1-33948	AI
D1-33949	AI
D1-33968	AI
D1-34270	AI
D1-34323	Human
D1-34375	AI
D1-34406	AI
D1-34455	AI
D1-34534	AI
D1-34592	AI
D1-34646	AI
D1-34666	AI
D1-34691	AI
D1-34803	AI
D1-34843	AI
D1-35004	Human
D1-35008	AI
D1-35138	Human
D1-35152	AI
D1-35193	AI
D1-35195	Human
D1-35267	AI
D1-35314	Human
D1-35348	AI
D1-35425	AI
D1-35483	Human
D1-35488	Human
D1-35553	Human
D1-35571	AI
D1-35581	Human
D1-35603	Human
D1-35716	Human
D1-35751	Human
D1-35826	AI
D1-35870	Human
D1-35892	Human
D1-35894	AI
D1-35978	Human
D1-36043	AI
D1-36117	Human
D1-36140	Human
D1-36145	Human
D1-36149	AI
D1-36165	Human
D1-36248	AI
D1-36261	Human
D1-36381	Human
D1-36541	Human
D1-36603	Human
D1-36613	AI
D1-36658	AI
D1-36675	Human
D1-36678	Human
D1-36791	Human
D1-36857	AI
D1-36891	Human
D1-36958	AI
D1-36970	AI
D1-37039	AI
D1-37067	AI
D1-37120	Human
D1-37134	Human
D1-37234	AI
D1-37315	AI
D1-37543	Human
D1-37606	Human
D1-37612	Human
D1-37671	AI
D1-37716	Human
D1-37808	AI
D1-37824	Human
D1-37832	Human
D1-37942	Human
D1-37954	Human
D1-38016	Human
D1-38119	Human
D1-38163	Human
D1-38179	Human
D1-38224	AI
D1-38237	AI
D1-38271	AI
D1-38304	Human
D1-38378	AI
D1-38385	AI
D1-38387	Human
D1-38392	Human
D1-38660	AI
D1-38679	Human
D1-38708	Human
D1-38713	Human
D1-38731	Human
D1-38744	Human
D1-38790	Human
D1-38800	AI
D1-38813	AI
D1-38825	Human
D1-38871	AI
D1-38943	Human
D1-38968	Human
D1-38994	Human
D1-39056	Human
D1-39058	AI
D1-39122	Human
D1-39155	Human
D1-39218	Human
D1-39345	AI
D1-39363	AI
D1-39433	Human
D1-39449	Human
D1-39476	Human
D1-39487	AI
D1-39519	Human
D1-39527	AI
D1-39570	Human
D1-39590	Human
D1-39597	AI
D1-39636	Human
D1-39643	Human
D1-39654	AI
D1-39676	Human
D1-39678	AI
D1-39908	AI
D1-39909	Human
D1-39954	Human
D1-39975	AI
D1-40176	Human
D1-40234	AI
D1-40277	AI
D1-40372	Human
D1-40429	Human
D1-40451	AI
D1-40479	AI
D1-40489	Human
D1-40521	Human
D1-40522	Human
D1-40538	AI
D1-40541	AI
D1-40620	Human
D1-40701	Human
D1-40756	Human
D1-40765	AI
D1-40786	AI
D1-40940	Human
D1-41059	AI
D1-41114	AI
D1-41120	AI
D1-41160	Human
D1-41209	Human
D1-41261	AI
D1-41291	Human
D1-41340	Human
D1-41344	Human
D1-41361	Human
D1-41409	Human
D1-41414	AI
D1-41433	AI
D1-41446	Human
D1-41474	AI
D1-41547	Human
D1-41562	AI
D1-41611	AI
D1-41613	Human
D1-41616	Human
D1-41653	Human
D1-41655	Human
D1-41974	AI
D1-42024	AI
D1-42030	Human
D1-42138	Human
D1-42191	Human
D1-42226	Human
D1-42253	Human
D1-42258	Human
D1-42324	Human
D1-42429	Human
D1-42430	AI
D1-42514	Human
D1-42520	Human
D1-42638	AI
D1-42690	AI
D1-42709	Human
D1-42774	AI
D1-42950	Human
D1-43145	AI
D1-43146	Human
D1-43153	Human
D1-43196	AI
D1-43239	AI
D1-43254	Human
D1-43292	AI
D1-43341	Human
D1-43342	Human
D1-43348	Human
D1-43464	Human
D1-43475	AI
D1-43493	AI
D1-43533	Human
D1-43565	AI
D1-43579	AI
D1-43599	Human
D1-43660	Human
D1-43691	Human
D1-43697	AI
D1-43778	Human
D1-43889	Human
D1-43908	Human
D1-44006	AI
D1-44012	Human
D1-44050	AI
D1-44051	Human
D1-44081	AI
D1-44097	AI
D1-44118	AI
D1-44121	Human
D1-44148	Human
D1-44198	AI
D1-44217	AI
D1-44253	Human
D1-44257	Human
D1-44295	Human
D1-44324	AI
D1-44329	Human
D1-44388	Human
D1-44407	Human
D1-44413	Human
D1-44448	AI
D1-44449	Human
D1-44561	AI
D1-44610	AI
D1-44743	Human
D1-44768	Human
D1-44793	Human
D1-44806	Human
D1-44909	Human
D1-44957	Human
D1-44972	Human
D1-44991	AI
D1-45004	Human
D1-45060	Human
D1-45103	AI
D1-45147	Human
D1-45160	AI
D1-45243	AI
D1-45344	Human
D1-45348	AI
D1-45619	Human
D1-45620	Human
D1-45644	AI
D1-45647	Human
D1-45667	Human
D1-45676	Human
D1-45708	Human
D1-45730	AI
D1-45741	Human
D1-45778	Human
D1-45809	AI
D1-45832	AI
D1-45931	Human
D1-45967	AI
D1-45968	AI
D1-46025	Human
D1-46036	Human
D1-46037	Human
D1-46053	AI
D1-46065	AI
D1-46105	AI
D1-46124	Human
D1-46180	Human
D1-46255	Human
D1-46310	Human
D1-46443	Human
D1-46449	AI
D1-46517	Human
D1-46526	AI
D1-46531	AI
D1-46547	Human
D1-46579	AI
D1-46704	AI
D1-46761	AI
D1-46786	Human
D1-46871	Human
D1-46873	Human
D1-46916	Human
D1-47024	Human
D1-47083	AI
D1-47148	Human
D1-47221	Human
D1-47281	AI
D1-47287	Human
D1-47318	AI
D1-47318	AI
D1-47343	Human
D1-47352	Human
D1-47421	Human
D1-47423	Human
D1-47461	Human
D1-47493	AI
D1-47507	AI
D1-47585	Human
D1-47604	Human
D1-47670	AI
D1-47685	AI
D1-47695	Human
D1-47744	AI
D1-47817	AI
D1-47818	AI
D1-47912	AI
D1-47937	AI
D1-47966	AI
D1-47970	Human
D1-47976	Human
D1-47989	AI
D1-48055	AI
D1-48139	AI
D1-48158	Human
D1-48197	AI
D1-48213	AI
D1-48330	AI
D1-48363	AI
D1-48394	AI
D1-48427	AI
D1-48479	Human
D1-48575	Human
D1-48671	AI
D1-48707	Human
D1-48744	Human
D1-48745	Human
D1-48766	Human
D1-48818	AI
D1-48842	Human
D1-48893	AI
D1-48966	AI
D1-48973	Human
D1-48998	Human
D1-49029	Human
D1-49132	Human
D1-49153	Human
D1-49243	Human
D1-49375	Human
D1-49383	Human
D1-49505	Human
D1-49666	Human
D1-49842	AI
D1-49864	Human
D1-49949	Human
D1-50006	Human
D1-50016	AI
D1-50062	Human
D1-50148	AI
D1-50154	Human
D1-50161	Human
D1-50289	Human
D1-50324	Human
D1-50378	Human
D1-50409	AI
D1-50443	Human
D1-50448	AI
D1-50449	Human
D1-50456	AI
D1-50549	Human
D1-50653	Human
D1-50654	Human
D1-50672	Human
D1-50744	Human
D1-50786	AI
D1-50812	Human
D1-50914	AI
D1-50917	Human
D1-50927	AI
D1-50930	Human
D1-50939	Human
D1-50940	AI
D1-50969	AI
D1-51030	Human
D1-51064	Human
D1-51200	AI
D1-51235	Human
D1-51265	Human
D1-51303	AI
D1-51324	Human
D1-51368	Human
D1-51372	Human
D1-51448	AI
D1-51467	Human
D1-51550	Human
D1-51558	Human
D1-51559	Human
D1-51662	Human
D1-51754	AI
D1-51803	AI
D1-51832	AI
D1-51853	Human
D1-51886	Human
D1-51958	AI
D1-52009	AI
D1-52032	Human
D1-52138	Human
D1-52170	AI
D1-52289	Human
D1-52310	Human
D1-52339	AI
D1-52367	AI
D1-52377	AI
D1-52448	Human
D1-52454	AI
D1-52473	Human
D1-52578	AI
D1-52619	AI
D1-52674	AI
D1-52749	Human
D1-52750	Human
D1-52753	Human
D1-52933	Human
D1-52990	Human
D1-53049	Human
D1-53208	Human
D1-53219	AI
D1-53275	Human
D1-53331	AI
D1-53355	AI
D1-53434	Human
D1-53437	Human
D1-53486	AI
D1-53546	Human
D1-53552	AI
D1-53583	Human
D1-53597	Human
D1-53598	Human
D1-53629	AI
D1-53827	AI
D1-53835	AI
D1-53924	Human
D1-53950	AI
D1-53963	Human
D1-54001	AI
D1-54018	Human
D1-54027	AI
D1-54045	AI
D1-54178	Human
D1-54224	AI
D1-54280	Human
D1-54343	AI
D1-54363	Human
D1-54416	AI
D1-54434	Human
D1-54483	Human
D1-54500	Human
D1-54554	AI
D1-54683	Human
D1-54810	Human
D1-54816	AI
D1-54827	Human
D1-54888	Human
D1-54914	AI
D1-54927	Human
D1-54928	Human
D1-54997	AI
D1-55002	AI
D1-55184	Human
D1-55190	AI
D1-55211	AI
D1-55239	Human
D1-55257	Human
D1-55262	AI
D1-55324	Human
D1-55326	Human
D1-55347	Human
D1-55348	Human
D1-55386	AI
D1-55405	AI
D1-55421	AI
D1-55698	AI
D1-55700	Human
D1-55757	AI
D1-55781	AI
D1-55792	Human
D1-55865	Human
D1-55884	AI
D1-55952	AI
D1-56084	Human
D1-56188	Human
D1-56245	Human
D1-56285	Human
D1-56300	Human
D1-56324	AI
D1-56345	Human
D1-56350	AI
D1-56355	Human
D1-56392	Human
D1-56693	AI
D1-56694	AI
D1-56739	AI
D1-56782	Human
D1-56905	Human
D1-57018	Human
D1-57070	Human
D1-57073	AI
D1-57074	AI
D1-57156	AI
D1-57235	AI
D1-57324	Human
D1-57380	Human
D1-57395	Human
D1-57539	Human
D1-57555	AI
D1-57561	Human
D1-57565	AI
D1-57650	Human
D1-57753	Human
D1-57759	AI
D1-57789	AI
D1-57828	AI
D1-57860	AI
D1-57970	AI
D1-58021	AI
D1-58062	AI
D1-58147	Human
D1-58151	Human
D1-58190	Human
D1-58200	Human
D1-58323	AI
D1-58342	AI
D1-58355	Human
D1-58364	AI
D1-58491	Human
D1-58520	Human
D1-58526	AI
D1-58547	Human
D1-58597	Human
D1-58652	AI
D1-58751	AI
D1-58800	AI
D1-58915	Human
D1-59066	Human
D1-59096	AI
D1-59112	AI
D1-59134	Human
D1-59259	Human
D1-59277	AI
D1-59337	Human
D1-59438	AI
D1-59475	Human
D1-59567	Human
D1-59583	Human
D1-59587	Human
D1-59604	AI
D1-59605	Human
D1-59649	AI
D1-59704	Human
D1-59785	AI
D1-59844	AI
D1-59858	Human
D1-59893	Human
D1-59901	Human
D1-59989	Human
D1-60037	AI
D1-60063	AI
D1-60124	AI
D1-60167	Human
D1-60192	AI
D1-60203	Human
D1-60222	Human
D1-60249	Human
D1-60262	AI
D1-60289	Human
D1-60337	Human
D1-60341	Human
D1-60387	Human
D1-60491	Human
D1-60523	Human
D1-60532	AI
D1-60584	AI
D1-60667	AI
D1-60747	Human
D1-60864	AI
D1-60877	AI
D1-61070	Human
D1-61181	AI
D1-61218	AI
D1-61229	AI
D1-61291	Human
D1-61326	Human
D1-61330	Human
D1-61364	Human
D1-61412	Human
D1-61456	Human
D1-61594	Human
D1-61608	Human
D1-61658	Human
D1-61671	Human
D1-61766	Human
D1-61775	AI
D1-61792	AI
D1-61838	Human
D1-61859	AI
D1-61888	AI
D1-61992	AI
D1-62028	Human
D1-62240	AI
D1-62252	Human
D1-62281	Human
D1-62299	AI
D1-62306	AI
D1-62311	Human
D1-62402	Human
D1-62423	AI
D1-62429	Human
D1-62443	AI
D1-62476	Human
D1-62490	AI
D1-62553	Human
D1-62619	Human
D1-62629	AI
D1-62742	Human
D1-62798	Human
D1-62842	AI
D1-62877	AI
D1-62916	Human
D1-63020	Human
D1-63108	Human
D1-63161	Human
D1-63165	Human
D1-63171	Human
D1-63259	Human
D1-63365	Human
D1-63419	Human
D1-63432	Human
D1-63503	AI
D1-63547	Human
D1-63581	Human
D1-63636	AI
D1-63643	Human
D1-63668	Human
D1-63692	Human
D1-63695	AI
D1-63801	Human
D1-63813	Human
D1-63880	Human
D1-63902	AI
D1-63925	Human
D1-64091	Human
D1-64122	AI
D1-64163	AI
D1-64183	Human
D1-64201	AI
D1-64238	Human
D1-64239	Human
D1-64326	AI
D1-64459	Human
D1-64530	Human
D1-64576	AI
D1-64606	AI
D1-64626	AI
D1-64647	Human
D1-64660	Human
D1-64680	AI
D1-64764	Human
D1-64781	Human
D1-64790	AI
D1-64926	AI
D1-64954	Human
D1-64991	Human
D1-65085	AI
D1-65087	AI
D1-65121	AI
D1-65135	AI
D1-65204	AI
D1-65208	Human
D1-65309	Human
D1-65330	AI
D1-65406	Human
D1-65434	Human
D1-65459	Human
D1-65469	AI
D1-65508	AI
D1-65513	Human
D1-65514	Human
D1-65760	Human
D1-65767	AI
D1-65809	AI
D1-65936	Human
D1-65946	AI
D1-65984	Human
D1-65989	AI
D1-65993	AI
D1-66035	AI
D1-66038	Human
D1-66118	Human
D1-66132	AI
D1-66133	AI
D1-66149	Human
D1-66151	Human
D1-66241	AI
D1-66244	Human
D1-66363	AI
D1-66373	Human
D1-66387	AI
D1-66409	Human
D1-66456	Human
D1-66508	Human
D1-66524	Human
D1-66582	Human
D1-66593	AI
D1-66819	Human
D1-66825	Human
D1-66950	AI
D1-67059	Human
D1-67123	Human
D1-67210	AI
D1-67218	AI
D1-67325	Human
D1-67414	Human
D1-67450	Human
D1-67475	AI
D1-67517	Human
D1-67551	Human
D1-67617	Human
D1-67629	AI
D1-67681	Human
D1-67686	AI
D1-67729	Human
D1-67987	Human
D1-68032	AI
D1-68044	Human
D1-68049	Human
D1-68090	AI
D1-68100	Human
D1-68222	AI
D1-68228	Human
D1-68260	Human
D1-68354	Human
D1-68368	AI
D1-68380	Human
D1-68433	Human
D1-68442	AI
D1-68472	AI
D1-68563	AI
D1-68608	AI
D1-68785	AI
D1-68800	Human
D1-68877	Human
D1-68911	Human
D1-68957	AI
D1-68958	Human
D1-69090	Human
D1-69139	AI
D1-69241	AI
D1-69279	Human
D1-69298	Human
D1-69310	AI
D1-69333	Human
D1-69352	Human
D1-69376	Human
D1-69401	AI
D1-69402	AI
D1-69429	AI
D1-69531	AI
D1-69580	Human
D1-69689	Human
D1-69705	Human
D1-69725	Human
D1-69763	Human
D1-69811	Human
D1-69821	Human
D1-69883	Human
D1-69925	AI
D1-69957	Human
D1-69968	AI
D1-70028	Human
D1-70076	Human
D1-70087	AI
D1-70113	AI
D1-70144	Human
D1-70165	Human
D1-70249	AI
D1-70250	Human
D1-70287	Human
D1-70295	Human
D1-70302	Human
D1-70457	Human
D1-70466	Human
D1-70491	Human
D1-70499	AI
D1-70501	AI
D1-70563	Human
D1-70595	AI
D1-70611	Human
D1-70658	AI
D1-70746	Human
D1-70862	Human
D1-70905	Human
D1-70921	Human
D1-71063	Human
D1-71075	Human
D1-71102	Human
D1-71162	Human
D1-71172	AI
D1-71176	AI
D1-71194	AI
D1-71223	Human
D1-71229	AI
D1-71268	Human
D1-71313	Human
D1-71354	AI
D1-71425	Human
D1-71440	AI
D1-71526	AI
D1-71592	AI
D1-71617	AI
D1-71625	Human
D1-71699	AI
D1-71724	AI
D1-71733	Human
D1-71734	Human
D1-71749	Human
D1-71755	Human
D1-71759	Human
D1-71787	AI
D1-71827	AI
D1-71907	Human
D1-71984	Human
D1-71985	AI
D1-72045	Human
D1-72181	Human
D1-72183	Human
D1-72233	Human
D1-72246	Human
D1-72341	Human
D1-72357	Human
D1-72447	Human
D1-72547	AI
D1-72570	Human
D1-72613	Human
D1-72660	AI
D1-72744	AI
D1-72823	AI
D1-72826	Human
D1-72844	AI
D1-72890	AI
D1-72895	Human
D1-73015	Human
D1-73017	Human
D1-73022	Human
D1-73024	AI
D1-73063	Human
D1-73089	Human
D1-73142	AI
D1-73149	Human
D1-73208	Human
D1-73258	AI
D1-73262	Human
D1-73295	AI
D1-73304	AI
D1-73355	Human
D1-73373	Human
D1-73416	Human
D1-73512	AI
D1-73546	Human
D1-73569	Human
D1-73611	Human
D1-73642	Human
D1-73648	Human
D1-73694	Human
D1-73784	Human
D1-73789	AI
D1-73815	AI
D1-73902	AI
D1-73920	Human
D1-73925	Human
D1-73952	AI
D1-73957	Human
D1-74092	AI
D1-74104	AI
D1-74118	Human
D1-74299	AI
D1-74360	AI
D1-74389	Human
D1-74412	Human
D1-74531	Human
D1-74809	AI
D1-74950	AI
D1-74954	Human
D1-75021	AI
D1-75036	Human
D1-75122	AI
D1-75194	Human
D1-75213	Human
D1-75237	AI
D1-75254	Human
D1-75308	Human
D1-75401	Human
D1-75418	Human
D1-75455	Human
D1-75456	Human
D1-75518	AI
D1-75564	AI
D1-75620	Human
D1-75629	AI
D1-75638	AI
D1-75732	Human
D1-75771	AI
D1-75773	AI
D1-75822	Human
D1-75825	AI
D1-75833	AI
D1-75845	Human
D1-75854	Human
D1-75872	Human
D1-75883	AI
D1-75892	Human
D1-75893	AI
D1-75894	Human
D1-75903	AI
D1-75916	Human
D1-75917	Human
D1-75983	Human
D1-76041	AI
D1-76044	Human
D1-76072	Human
D1-76159	AI
D1-76184	AI
D1-76244	Human
D1-76250	Human
D1-76278	Human
D1-76327	Human
D1-76330	Human
D1-76518	Human
D1-76537	Human
D1-76653	Human
D1-76688	AI
D1-76853	Human
D1-76866	Human
D1-76929	Human
D1-76955	Human
D1-76989	Human
D1-76991	Human
D1-76993	AI
D1-77021	Human
D1-77053	AI
D1-77055	AI
D1-77211	AI
D1-77222	Human
D1-77223	Human
D1-77239	Human
D1-77353	Human
D1-77360	Human
D1-77464	AI
D1-77598	Human
D1-77627	Human
D1-77669	Human
D1-77744	AI
D1-77853	Human
D1-77976	Human
D1-78043	Human
D1-78074	AI
D1-78139	Human
D1-78145	Human
D1-78149	Human
D1-78203	AI
D1-78203	AI
D1-78342	Human
D1-78355	Human
D1-78384	AI
D1-78417	Human
D1-78491	Human
D1-78494	AI
D1-78635	AI
D1-78704	AI
D1-78706	AI
D1-78726	Human
D1-78763	Human
D1-78818	AI
D1-78930	Human
D1-78963	Human
D1-79006	Human
D1-79038	Human
D1-79098	AI
D1-79105	Human
D1-79176	Human
D1-79180	AI
D1-79194	Human
D1-79255	Human
D1-79308	AI
D1-79380	AI
D1-79410	Human
D1-79420	Human
D1-79502	AI
D1-79534	AI
D1-79544	Human
D1-79604	AI
D1-79631	Human
D1-79646	Human
D1-79691	Human
D1-79697	AI
D1-79701	AI
D1-79820	AI
D1-80090	Human
D1-80102	AI
D1-80248	Human
D1-80328	AI
D1-80365	Human
D1-80414	AI
D1-80440	Human
D1-80452	AI
D1-80471	AI
D1-80475	AI
D1-80564	AI
D1-80654	Human
D1-80665	AI
D1-80680	Human
D1-80704	Human
D1-80719	Human
D1-80753	Human
D1-80802	AI
D1-80815	AI
D1-80839	AI
D1-80896	AI
D1-81044	AI
D1-81052	Human
D1-81121	AI
D1-81180	AI
D1-81191	Human
D1-81359	AI
D1-81371	Human
D1-81377	AI
D1-81400	Human
D1-81549	AI
D1-81557	Human
D1-81561	Human
D1-81584	Human
D1-81584	AI
D1-81640	Human
D1-81778	Human
D1-82194	AI
D1-82279	Human
D1-82281	AI
D1-82479	AI
D1-82480	Human
D1-82565	Human
D1-82580	Human
D1-82605	Human
D1-82643	Human
D1-82759	AI
D1-83059	Human
D1-83091	AI
D1-83093	Human
D1-83108	AI
D1-83129	Human
D1-83188	Human
D1-83208	Human
D1-83235	AI
D1-83309	AI
D1-83354	Human
D1-83449	Human
D1-83549	Human
D1-83564	Human
D1-83598	AI
D1-83609	AI
D1-83662	Human
D1-83686	AI
D1-83694	AI
D1-83704	Human
D1-83723	Human
D1-83742	Human
D1-83745	AI
D1-83750	Human
D1-83970	Human
D1-84000	Human
D1-84017	Human
D1-84038	Human
D1-84063	Human
D1-84084	Human
D1-84120	Human
D1-84153	Human
D1-84173	AI
D1-84209	Human
D1-84224	AI
D1-84256	Human
D1-84266	AI
D1-84297	Human
D1-84336	Human
D1-84439	Human
D1-84445	Human
D1-84507	AI
D1-84556	Human
D1-84601	AI
D1-84777	AI
D1-84884	AI
D1-84920	Human
D1-84952	AI
D1-84981	AI
D1-85012	AI
D1-85021	AI
D1-85092	Human
D1-85110	AI
D1-85146	Human
D1-85290	Human
D1-85317	Human
D1-85352	Human
D1-85380	AI
D1-85423	AI
D1-85446	Human
D1-85467	Human
D1-85468	Human
D1-85554	Human
D1-85582	Human
D1-85619	AI
D1-85674	Human
D1-85715	AI
D1-85726	Human
D1-85762	AI
D1-85769	Human
D1-85815	Human
D1-85828	Human
D1-85921	Human
D1-85936	AI
D1-85991	Human
D1-86089	AI
D1-86111	Human
D1-86225	Human
D1-86233	Human
D1-86263	AI
D1-86312	AI
D1-86327	AI
D1-86333	Human
D1-86391	Human
D1-86406	AI
D1-86408	AI
D1-86464	Human
D1-86485	AI
D1-86510	AI
D1-86528	Human
D1-86585	Human
D1-86713	AI
D1-86737	AI
D1-86768	Human
D1-86790	Human
D1-86859	Human
D1-86933	AI
D1-86988	Human
D1-87034	AI
D1-87141	AI
D1-87155	AI
D1-87180	AI
D1-87208	Human
D1-87213	AI
D1-87236	Human
D1-87251	AI
D1-87254	AI
D1-87289	AI
D1-87292	Human
D1-87300	Human
D1-87303	Human
D1-87352	Human
D1-87431	Human
D1-87439	Human
D1-87448	AI
D1-87458	Human
D1-87536	Human
D1-87668	AI
D1-87684	AI
D1-87711	AI
D1-87825	Human
D1-87842	Human
D1-87863	AI
D1-88040	Human
D1-88344	Human
D1-88393	Human
D1-88412	AI
D1-88428	Human
D1-88460	Human
D1-88480	Human
D1-88582	AI
D1-88589	Human
D1-88637	Human
D1-88664	Human
D1-88677	AI
D1-88678	AI
D1-88748	Human
D1-88767	AI
D1-88841	AI
D1-88870	AI
D1-88909	AI
D1-88935	Human
D1-89191	AI
D1-89213	AI
D1-89231	Human
D1-89264	Human
D1-89335	AI
D1-89469	Human
D1-89483	Human
D1-89520	Human
D1-89555	Human
D1-89578	Human
D1-89594	Human
D1-89630	Human
D1-89673	AI
D1-89689	Human
D1-89830	Human
D1-89860	AI
D1-89903	Human
D1-90044	AI
D1-90197	AI
D1-90289	Human
D1-90330	AI
D1-90353	AI
D1-90365	Human
D1-90414	AI
D1-90487	Human
D1-90498	AI
D1-90518	AI
D1-90615	AI
D1-90634	Human
D1-90636	AI
D1-90657	Human
D1-90787	Human
D1-90845	AI
D1-90916	Human
D1-90938	Human
D1-90981	Human
D1-91029	Human
D1-91030	Human
D1-91102	AI
D1-91145	AI
D1-91264	AI
D1-91286	Human
D1-91293	AI
D1-91344	Human
D1-91393	Human
D1-91478	Human
D1-91506	Human
D1-91581	AI
D1-91610	AI
D1-91624	AI
D1-91641	Human
D1-91824	Human
D1-91832	AI
D1-91846	Human
D1-91993	Human
D1-92001	AI
D1-92034	AI
D1-92090	Human
D1-92122	AI
D1-92167	Human
D1-92180	AI
D1-92247	Human
D1-92322	Human
D1-92335	AI
D1-92338	Human
D1-92344	Human
D1-92371	Human
D1-92378	Human
D1-92490	AI
D1-92502	Human
D1-92527	Human
D1-92534	Human
D1-92547	AI
D1-92578	AI
D1-92588	AI
D1-92592	AI
D1-92664	Human
D1-92691	Human
D1-92743	Human
D1-92798	Human
D1-92878	AI
D1-92903	Human
D1-92906	AI
D1-92927	AI
D1-92953	Human
D1-93011	Human
D1-93018	Human
D1-93020	Human
D1-93054	Human
D1-93198	Human
D1-93239	Human
D1-93274	Human
D1-93318	Human
D1-93352	Human
D1-93386	Human
D1-93444	Human
D1-93452	AI
D1-93496	Human
D1-93584	Human
D1-93622	Human
D1-93629	AI
D1-93632	Human
D1-93676	Human
D1-93757	AI
D1-93758	AI
D1-93764	Human
D1-93767	AI
D1-93835	AI
D1-93886	Human
D1-93911	Human
D1-94036	Human
D1-94088	Human
D1-94116	Human
D1-94171	Human
D1-94245	AI
D1-94306	Human
D1-94339	Human
D1-94363	AI
D1-94383	Human
D1-94531	AI
D1-94577	AI
D1-94604	Human
D1-94618	AI
D1-94659	Human
D1-94741	AI
D1-94798	AI
D1-94830	Human
D1-94831	Human
D1-94848	AI
D1-94853	Human
D1-94942	Human
D1-95008	Human
D1-95162	AI
D1-95184	AI
D1-95255	AI
D1-95271	Human
D1-95275	Human
D1-95287	Human
D1-95299	Human
D1-95423	Human
D1-95539	Human
D1-95566	Human
D1-95675	Human
D1-95722	Human
D1-95748	Human
D1-95799	Human
D1-95860	Human
D1-95891	Human
D1-95939	AI
D1-96016	Human
D1-96119	Human
D1-96123	Human
D1-96280	Human
D1-96293	AI
D1-96338	Human
D1-96366	Human
D1-96446	AI
D1-96488	Human
D1-96680	Human
D1-96736	Human
D1-96750	Human
D1-96786	Human
D1-96790	Human
D1-96828	AI
D1-96833	Human
D1-96846	Human
D1-96858	AI
D1-96890	Human
D1-96961	Human
D1-97003	AI
D1-97028	AI
D1-97033	AI
D1-97049	Human
D1-97155	AI
D1-97215	Human
D1-97228	Human
D1-97238	Human
D1-97347	Human
D1-97385	Human
D1-97415	AI
D1-97476	Human
D1-97487	AI
D1-97548	AI
D1-97633	AI
D1-97675	Human
D1-97678	Human
D1-97753	Human
D1-97754	Human
D1-97771	Human
D1-97831	Human
D1-97900	AI
D1-97911	AI
D1-97975	AI
D1-98058	Human
D1-98162	Human
D1-98200	Human
D1-98212	AI
D1-98243	Human
D1-98401	Human
D1-98459	Human
D1-98463	AI
D1-98508	Human
D1-98509	Human
D1-98606	AI
D1-98620	Human
D1-98643	Human
D1-98685	AI
D1-98716	AI
D1-98842	Human
D1-98869	Human
D1-98928	AI
D1-98963	Human
D1-98981	Human
D1-99026	Human
D1-99155	AI
D1-99272	AI
D1-99294	Human
D1-99324	AI
D1-99506	Human
D1-99508	Human
D1-99549	Human
D1-99608	Human
D1-99642	Human
D1-99715	Human
D1-99734	Human
D1-99762	AI
D1-99830	Human
D1-99866	AI
D1-99869	Human
D1-100244	Human
D1-100369	Human
D1-100429	Human
D1-100586	Human
D1-100627	AI
D1-100644	Human
D1-100733	AI
D1-100863	AI
D1-100925	Human
D1-100962	Human
D1-101002	AI
D1-101101	Human
D1-101128	Human
D1-101135	Human
D1-101216	Human
D1-101248	Human
D1-101268	Human
D1-101329	Human
D1-101516	AI
D1-101656	Human
D1-101676	Human
D1-101695	Human
D1-101699	Human
D1-101725	Human
D1-101745	Human
D1-101788	Human
D1-101822	Human
D1-101824	AI
D1-101860	Human
D1-101911	Human
D1-101994	Human
D1-102001	Human
D1-102015	AI
D1-102090	Human
D1-102136	Human
D1-102149	Human
D1-102305	AI
D1-102320	Human
D1-102371	Human
D1-102473	AI
D1-102501	AI
D1-102532	Human
D1-102533	Human
D1-102623	AI
D1-102624	Human
D1-102676	AI
D1-102762	Human
D1-102800	Human
D1-102817	Human
D1-102833	Human
D1-102898	Human
D1-102915	AI
D1-102977	AI
D1-102985	AI
D1-102996	AI
D1-103008	AI
D1-103049	Human
D1-103139	AI
D1-103161	Human
D1-103193	Human
D1-103294	AI
D1-103360	Human
D1-103399	Human
D1-103432	Human
D1-103462	Human
D1-103477	AI
D1-103505	Human
D1-103535	AI
D1-103658	Human
D1-103689	Human
D1-103713	Human
D1-103726	Human
D1-103745	AI
D1-103760	Human
D1-103771	Human
D1-103799	Human
D1-103821	Human
D1-103931	Human
D1-103947	Human
D1-103973	AI
D1-103976	AI
D1-104014	AI
D1-104069	Human
D1-104070	Human
D1-104089	Human
D1-104102	AI
D1-104133	AI
D1-104147	Human
D1-104164	Human
D1-104179	AI
D1-104181	Human
D1-104219	AI
D1-104266	AI
D1-104277	Human
D1-104281	Human
D1-104286	Human
D1-104463	AI
D1-104627	AI
D1-104670	Human
D1-104973	Human
D1-105030	AI
D1-105034	AI
D1-105107	AI
D1-105111	Human
D1-105209	Human
D1-105265	Human
D1-105274	Human
D1-105298	AI
D1-105315	Human
D1-105345	Human
D1-105487	Human
D1-105528	Human
D1-105530	AI
D1-105580	AI
D1-105647	Human
D1-105714	AI
D1-105754	Human
D1-105758	Human
D1-105772	AI
D1-105782	Human
D1-105815	AI
D1-105863	Human
D1-105987	Human
D1-106026	AI
D1-106048	Human
D1-106064	Human
D1-106170	Human
D1-106171	Human
D1-106213	AI
D1-106308	Human
D1-106340	AI
D1-106346	Human
D1-106412	AI
D1-106413	AI
D1-106485	Human
D1-106639	Human
D1-106656	Human
D1-106665	AI
D1-106671	Human
D1-106786	AI
D1-106844	AI
D1-106856	Human
D1-106876	AI
D1-106888	Human
D1-106914	Human
D1-106949	Human
D1-106962	Human
D1-106997	Human
D1-107015	Human
D1-107123	AI
D1-107130	Human
D1-107178	Human
D1-107220	Human
D1-107226	Human
D1-107235	AI
D1-107267	AI
D1-107320	Human
D1-107357	AI
D1-107372	AI
D1-107427	Human
D1-107452	AI
D1-107471	AI
D1-107591	Human
D1-107627	AI
D1-107637	Human
D1-107657	AI
D1-107672	Human
D1-107680	Human
D1-107774	Human
D1-107910	Human
D1-108069	AI
D1-108076	Human
D1-108082	Human
D1-108147	AI
D1-108164	AI
D1-108273	Human
D1-108336	Human
D1-108364	AI
D1-108439	AI
D1-108468	AI
D1-108484	AI
D1-108519	Human
D1-108588	Human
D1-108603	AI
D1-108626	AI
D1-108659	Human
D1-108662	Human
D1-108759	Human
D1-108795	Human
D1-108819	AI
D1-108965	AI
D1-109070	AI
D1-109124	Human
D1-109135	Human
D1-109176	Human
D1-109196	Human
D1-109267	Human
D1-109321	Human
D1-109371	Human
D1-109386	Human
D1-109395	AI
D1-109408	AI
D1-109433	Human
D1-109446	AI
D1-109457	Human
D1-109497	AI
D1-109541	Human
D1-109546	AI
D1-109659	Human
D1-109683	AI
D1-109699	Human
D1-109751	Human
D1-109815	AI
D1-109910	Human
D1-110091	Human
D1-110095	AI
D1-110130	Human
D1-110199	Human
D1-110307	AI
D1-110389	AI
D1-110404	AI
D1-110427	AI
D1-110430	Human
D1-110447	Human
D1-110458	Human
D1-110469	AI
D1-110488	AI
D1-110770	Human
D1-110781	Human
D1-110830	AI
D1-110921	Human
D1-111054	AI
D1-111068	Human
D1-111070	Human
D1-111180	Human
D1-111224	Human
D1-111245	AI
D1-111250	AI
D1-111271	Human
D1-111306	AI
D1-111350	Human
D1-111446	Human
D1-111447	Human
D1-111471	Human
D1-111480	Human
D1-111561	AI
D1-111660	Human
D1-111663	AI
D1-111665	Human
D1-111709	Human
D1-111736	Human
D1-111792	Human
D1-111812	AI
D1-111842	AI
D1-111856	Human
D1-111871	Human
D1-111876	Human
D1-111952	Human
D1-111954	AI
D1-111955	Human
D1-111956	Human
D1-112052	Human
D1-112071	AI
D1-112146	AI
D1-112184	Human
D1-112199	AI
D1-112247	Human
D1-112252	AI
D1-112270	Human
D1-112334	Human
D1-112338	Human
D1-112363	Human
D1-112374	Human
D1-112418	AI
D1-112432	Human
D1-112477	Human
D1-112571	Human
D1-112575	Human
D1-112582	AI
D1-112586	Human
D1-112612	Human
D1-112639	AI
D1-112693	AI
D1-112702	Human
D1-112726	Human
D1-112766	AI
D1-112808	AI
D1-112809	Human
D1-112815	AI
D1-112950	Human
D1-113126	AI
D1-113148	AI
D1-113288	Human
D1-113326	Human
D1-113354	Human
D1-113355	Human
D1-113387	Human
D1-113421	AI
D1-113450	AI
D1-113492	AI
D1-113645	AI
D1-113727	AI
D1-113761	Human
D1-113769	Human
D1-113776	Human
D1-113810	AI
D1-113820	AI
D1-113899	Human
D1-113931	Human
D1-113945	Human
D1-114051	AI
D1-114164	Human
D1-114178	Human
D1-114261	AI
D1-114286	Human
D1-114364	Human
D1-114468	Human
D1-114509	Human
D1-114515	AI
D1-114516	AI
D1-114545	Human
D1-114546	AI
D1-114590	Human
D1-114638	Human
D1-114669	Human
D1-114674	AI
D1-114707	AI
D1-114767	Human
D1-114833	Human
D1-114850	Human
D1-114892	Human
D1-114920	Human
D1-114968	AI
D1-115011	Human
D1-115143	Human
D1-115197	Human
D1-115249	Human
D1-115253	Human
D1-115326	AI
D1-115344	AI
D1-115392	Human
D1-115477	Human
D1-115524	AI
D1-115548	Human
D1-115792	AI
D1-115840	Human
D1-115846	Human
D1-115847	Human
D1-115896	Human
D1-115929	AI
D1-115936	Human
D1-115949	AI
D1-116058	AI
D1-116076	AI
D1-116107	Human
D1-116112	Human
D1-116128	Human
D1-116199	AI
D1-116275	Human
D1-116286	AI
D1-116348	Human
D1-116456	AI
D1-116495	AI
D1-116497	Human
D1-116539	AI
D1-116585	AI
D1-116601	Human
D1-116776	AI
D1-116785	Human
D1-116823	Human
D1-116875	Human
D1-117001	AI
D1-117105	AI
D1-117114	Human
D1-117121	Human
D1-117133	AI
D1-117179	Human
D1-117269	Human
D1-117272	Human
D1-117415	Human
D1-117444	Human
D1-117549	Human
D1-117619	AI
D1-117669	Human
D1-117685	Human
D1-117688	Human
D1-117734	AI
D1-117740	Human
D1-117782	Human
D1-117785	Human
D1-117894	AI
D1-117912	Human
D1-118005	AI
D1-118028	AI
D1-118123	Human
D1-118139	Human
D1-118244	AI
D1-118305	Human
D1-118458	Human
D1-118465	AI
D1-118497	Human
D1-118500	Human
D1-118502	Human
D1-118713	Human
D1-118718	AI
D1-118743	Human
D1-118755	Human
D1-118797	Human
D1-118809	Human
D1-118849	Human
D1-118863	Human
D1-119047	Human
D1-119054	AI
D1-119194	Human
D1-119202	Human
D1-119252	Human
D1-119270	Human
D1-119278	Human
D1-119341	AI
D1-119376	Human
D1-119385	AI
D1-119403	AI
D1-119445	AI
D1-119474	Human
D1-119478	Human
D1-119545	Human
D1-119571	Human
D1-119933	AI
D1-120007	AI
D1-120127	Human
D1-120317	Human
D1-120324	AI
D1-120473	Human
D1-120507	Human
D1-120603	Human
D1-120612	AI
D1-120638	Human
D1-120653	AI
D1-120660	Human
D1-120838	Human
D1-120857	Human
D1-120982	Human
D1-121070	Human
D1-121095	Human
D1-121236	AI
D1-121238	AI
D1-121332	AI
D1-121347	AI
D1-121376	Human
D1-121403	Human
D1-121478	Human
D1-121589	AI
D1-121655	AI
D1-121691	Human
D1-121693	AI
D1-121799	Human
D1-121842	AI
D1-121949	Human
D1-121963	Human
D1-121997	AI
D1-122000	AI
D1-122028	AI
D1-122060	AI
D1-122166	Human
D1-122189	Human
D1-122194	AI
D1-122231	Human
D1-122238	AI
D1-122264	Human
D1-122375	Human
D1-122393	AI
D1-122433	Human
D1-122534	Human
D1-122547	Human
D1-122674	AI
D1-122708	Human
D1-122716	Human
D1-122845	Human
D1-122902	AI
D1-122915	AI
D1-122946	AI
D1-122966	AI
D1-122995	Human
D1-123001	AI
D1-123050	Human
D1-123175	Human
D1-123179	Human
D1-123227	AI
D1-123239	AI
D1-123255	Human
D1-123273	Human
D1-123473	AI
D1-123562	Human
D1-123605	AI
D1-123632	AI
D1-123727	Human
D1-123787	Human
D1-123818	AI
D1-123831	AI
D1-123846	AI
D1-123884	AI
D1-123914	Human
D1-123945	Human
D1-124034	Human
D1-124043	Human
D1-124125	Human
D1-124162	AI
D1-124293	AI
D1-124312	Human
D1-124321	Human
D1-124378	AI
D1-124413	AI
D1-124498	Human
D1-124542	Human
D1-124546	AI
D1-124551	Human
D1-124553	Human
D1-124575	AI
D1-124780	Human
D1-124796	Human
D1-124863	Human
D1-124999	Human
D1-125032	AI
D1-125054	Human
D1-125057	AI
D1-125107	AI
D1-125283	AI
D1-125286	AI
D1-125358	Human
D1-125372	Human
D1-125412	AI
D1-125429	AI
D1-125446	AI
D1-125454	Human
D1-125467	Human
D1-125530	Human
D1-125633	Human
D1-125683	Human
D1-125732	Human
D1-125776	AI
D1-125787	AI
D1-125805	Human
D1-125860	Human
D1-125989	Human
D1-126030	Human
D1-126120	AI
D1-126128	Human
D1-126202	Human
D1-126346	Human
D1-126553	Human
D1-126554	Human
D1-126594	Human
D1-126691	AI
D1-126738	Human
D1-126749	Human
D1-126751	Human
D1-126850	AI
D1-126961	Human
D1-126996	Human
D1-127039	Human
D1-127077	AI
D1-127117	AI
D1-127121	Human
D1-127123	AI
D1-127181	AI
D1-127202	AI
D1-127298	AI
D1-127385	Human
D1-127401	Human
D1-127428	Human
D1-127445	Human
D1-127477	Human
D1-127508	Human
D1-127693	Human
D1-127709	AI
D1-127784	AI
D1-127803	Human
D1-127807	AI
D1-127851	Human
D1-127904	Human
D1-127917	Human
D1-128034	Human
D1-128074	AI
D1-128074	Human
D1-128120	AI
D1-128211	Human
D1-128248	AI
D1-128258	Human
D1-128310	Human
D1-128314	AI
D1-128374	AI
D1-128443	AI
D1-128447	Human
D1-128482	AI
D1-128492	AI
D1-128544	AI
D1-128581	AI
D1-128591	AI
D1-128706	Human
D1-128750	Human
D1-128757	Human
D1-128774	AI
D1-128794	AI
D1-128840	Human
D1-128851	AI
D1-128884	AI
D1-128946	AI
D1-128973	AI
D1-128973	Human
D1-128991	Human
D1-129013	AI
D1-129048	Human
D1-129080	AI
D1-129087	AI
D1-129151	AI
D1-129207	AI
D1-129257	Human
D1-129264	Human
D1-129269	AI
D1-129300	Human
D1-129343	Human
D1-129392	AI
D1-129408	AI
D1-129461	Human
D1-129503	AI
D1-129578	AI
D1-129591	Human
D1-129687	AI
D1-129730	AI
D1-129821	Human
D1-129838	AI
D1-129858	Human
D1-129887	AI
D1-129890	Human
D1-129911	AI
D1-129955	Human
D1-129955	AI
D1-129986	Human
D1-129997	Human
D1-130019	AI
D1-130050	AI
D1-130091	AI
D1-130096	AI
D1-130099	AI
D1-130101	Human
D1-130109	Human
D1-130116	AI
D1-130186	AI
D1-130189	Human
D1-130208	Human
D1-130300	Human
D1-130309	AI
D1-130314	AI
D1-130405	AI
D1-130420	Human
D1-130456	AI
D1-130458	AI
D1-130499	Human
D1-130508	AI
D1-130557	AI
D1-130557	Human
D1-130562	Human
D1-130565	AI
D1-130615	AI
D1-130627	AI
D1-130674	Human
D1-130714	Human
D1-130720	Human
D1-130731	AI
D1-130770	Human
D1-130798	Human
D1-130825	Human
D1-130826	Human
D1-130843	Human
D1-130935	AI
D1-131013	AI
D1-131017	Human
D1-131019	AI
D1-131057	AI
D1-131078	AI
D1-131205	AI
D1-131272	AI
D1-131278	Human
D1-131318	AI
D1-131451	AI
D1-131460	Human
D1-131474	AI
D1-131489	AI
D1-131495	AI
D1-131496	Human
D1-131503	AI
D1-131511	AI
D1-131590	Human
D1-131646	AI
D1-131664	Human
D1-131745	AI
D1-131826	AI
D1-131891	AI
D1-131981	Human
D1-132124	AI
D1-132305	Human
D1-132325	AI
D1-132377	Human
D1-132390	AI
D1-132437	AI
D1-132444	AI
D1-132456	AI
D1-132548	Human
D1-132610	Human
D1-132617	AI
D1-132696	AI
D1-132707	AI
D1-132729	Human
D1-132737	AI
D1-132748	AI
D1-132797	Human
D1-132847	AI
D1-132919	Human
D1-132941	Human
D1-132942	Human
D1-132952	Human
D1-133005	AI
D1-133026	AI
D1-133029	AI
D1-133120	Human
D1-133172	Human
D1-133289	Human
D1-133313	Human
D1-133315	Human
D1-133330	AI
D1-133364	Human
D1-133372	Human
D1-133412	Human
D1-133424	Human
D1-133441	AI
D1-133468	AI
D1-133493	AI
D1-133506	AI
D1-133534	Human
D1-133580	Human
D1-133587	AI
D1-133649	AI
D1-133677	Human
D1-133734	AI
D1-133741	AI
D1-133742	AI
D1-133745	AI
D1-133803	Human
D1-133847	Human
D1-133863	Human
D1-133972	AI
D1-133998	Human
D1-134051	AI
D1-134058	AI
D1-134101	Human
D1-134104	Human
D1-134149	Human
D1-134153	AI
D1-134230	Human
D1-134326	AI
D1-134382	Human
D1-134389	AI
D1-134396	Human
D1-134431	AI
D1-134484	AI
D1-134516	Human
D1-134535	AI
D1-134617	AI
D1-134674	AI
D1-134697	AI
D1-134701	AI
D1-134714	Human
D1-134736	AI
D1-134745	Human
D1-134796	Human
D1-134818	Human
D1-134833	AI
D1-134912	AI
D1-134921	AI
D1-134942	AI
D1-134969	Human
D1-135027	AI
D1-135028	AI
D1-135038	Human
D1-135044	Human
D1-135065	Human
D1-135080	Human
D1-135113	Human
D1-135181	Human
D1-135229	Human
D1-135298	AI
D1-135307	Human
D1-135435	AI
D1-135571	Human
D1-135616	AI
D1-135630	Human
D1-135635	AI
D1-135760	AI
D1-135764	AI
D1-135829	Human
D1-135857	Human
D1-135872	AI
D1-135880	Human
D1-135890	AI
D1-135901	AI
D1-135911	AI
D1-135912	AI
D1-135928	Human
D1-135998	Human
D1-136008	AI
D1-136028	Human
D1-136036	Human
D1-136037	AI
D1-136048	AI
D1-136055	AI
D1-136067	AI
D1-136124	AI
D1-136143	Human
D1-136150	Human
D1-136151	Human
D1-136164	AI
D1-136172	AI
D1-136187	Human
D1-136190	AI
D1-136218	AI
D1-136344	AI
D1-136345	Human
D1-136350	AI
D1-136355	AI
D1-136378	Human
D1-136386	AI
D1-136431	Human
D1-136469	AI
D1-136471	AI
D1-136474	Human
D1-136496	AI
D1-136583	AI
D1-136588	AI
D1-136589	AI
D1-136596	AI
D1-136605	Human
D1-136612	AI
D1-136635	Human
D1-136785	Human
D1-136818	AI
D1-136937	AI
D1-136953	Human
D1-136969	Human
D1-137000	AI
D1-137049	Human
D1-137068	Human
D1-137135	AI
D1-137136	AI
D1-137138	AI
D1-137159	AI
D1-137227	AI
D1-137323	AI
D1-137360	Human
D1-137387	Human
D1-137474	AI
D1-137487	AI
D1-137493	AI
D1-137532	Human
D1-137579	Human
D1-137633	AI
D1-137690	Human
D1-137698	AI
D1-137718	AI
D1-137777	Human
D1-137819	Human
D1-137886	AI
D1-137918	Human
D1-137925	Human
D1-137938	AI
D1-137943	AI
D1-137959	AI
D1-138071	Human
D1-138089	AI
D1-138089	AI
D1-138113	AI
D1-138202	AI
D1-138229	AI
D1-138251	AI
D1-138298	AI
D1-138303	Human
D1-138361	Human
D1-138374	AI
D1-138443	Human
D1-138470	AI
D1-138525	AI
D1-138575	Human
D1-138582	AI
D1-138590	AI
D1-138612	AI
D1-138749	Human
D1-138803	Human
D1-138822	Human
D1-138829	Human
D1-138908	AI
D1-138922	AI
D1-138950	Human
D1-138985	AI
D1-139055	AI
D1-139104	Human
D1-139143	Human
D1-139160	AI
D1-139220	AI
D1-139296	Human
D1-139305	AI
D1-139311	AI
D1-139331	AI
D1-139414	AI
D1-139425	AI
D1-139456	Human
D1-139630	Human
D1-139637	Human
D1-139638	AI
D1-139657	Human
D1-139663	Human
D1-139763	Human
D1-139810	AI
D1-139821	AI
D1-139847	Human
D1-139868	AI
D1-139896	AI
D1-139938	Human
D1-139972	Human
D1-139981	Human
D1-140094	AI
D1-140208	Human
D1-140210	Human
D1-140242	Human
D1-140250	AI
D1-140319	Human
D1-140327	AI
D1-140328	AI
D1-140353	AI
D1-140380	Human
D1-140438	AI
D1-140465	AI
D1-140466	Human
D1-140512	AI
D1-140515	Human
D1-140572	AI
D1-140660	Human
D1-140690	Human
D1-140769	Human
D1-140793	Human
D1-140877	AI
D1-140891	Human
D1-140923	AI
D1-140948	Human
D1-140961	AI
D1-140972	Human
D1-140983	Human
D1-140985	Human
D1-141000	Human
D1-141006	Human
D1-141042	AI
D1-141066	AI
D1-141073	AI
D1-141099	AI
D1-141131	Human
D1-141161	AI
D1-141184	AI
D1-141243	Human
D1-141270	AI
D1-141324	AI
D1-141329	Human
D1-141360	AI
D1-141364	AI
D1-141368	AI
D1-141398	Human
D1-141519	AI
D1-141526	Human
D1-141528	Human
D1-141632	AI
D1-141643	AI
D1-141660	AI
D1-141661	Human
D1-141677	Human
D1-141710	AI
D1-141734	AI
D1-141740	Human
D1-141818	AI
D1-141879	Human
D1-141883	Human
D1-141918	Human
D1-141951	AI
D1-142003	AI
D1-142026	Human
D1-142027	AI
D1-142044	AI
D1-142073	AI
D1-142127	Human
D1-142144	Human
D1-142202	AI
D1-142205	AI
D1-142310	Human
D1-142312	AI
D1-142325	AI
D1-142337	AI
D1-142343	AI
D1-142412	AI
D1-142420	AI
D1-142499	AI
D1-142563	AI
D1-142574	Human
D1-142625	AI
D1-142630	Human
D1-142634	AI
D1-142685	Human
D1-142691	AI
D1-142696	Human
D1-142706	Human
D1-142838	AI
D1-142851	Human
D1-142888	Human
D1-142924	AI
D1-142941	Human
D1-142942	AI
D1-142943	AI
D1-143033	AI
D1-143073	Human
D1-143116	AI
D1-143145	AI
D1-143247	AI
D1-143303	AI
D1-143382	AI
D1-143435	AI
D1-143468	Human
D1-143476	Human
D1-143500	Human
D1-143550	Human
D1-143624	Human
D1-143645	Human
D1-143689	Human
D1-143702	Human
D1-143777	AI
D1-143797	AI
D1-143799	AI
D1-143862	AI
D1-144003	AI
D1-144058	AI
D1-144096	AI
D1-144100	Human
D1-144166	Human
D1-144250	AI
D1-144272	AI
D1-144306	AI
D1-144364	AI
D1-144385	AI
D1-144391	AI
D1-144429	AI
D1-144434	Human
D1-144441	AI
D1-144451	Human
D1-144531	AI
D1-144543	Human
D1-144591	Human
D1-144600	AI
D1-144603	Human
D1-144610	Human
D1-144613	AI
D1-144641	Human
D1-144645	AI
D1-144652	AI
D1-144663	Human
D1-144713	AI
D1-144734	AI
D1-144766	AI
D1-144779	AI
D1-144783	AI
D1-144844	Human
D1-144864	AI
D1-144988	AI
D1-145056	AI
D1-145073	Human
D1-145212	AI
D1-145228	Human
D1-145290	Human
D1-145295	Human
D1-145299	Human
D1-145369	Human
D1-145411	Human
D1-145463	Human
D1-145473	Human
D1-145489	AI
D1-145495	AI
D1-145497	AI
D1-145518	Human
D1-145534	AI
D1-145552	AI
D1-145664	Human
D1-145682	AI
D1-145687	AI
D1-145745	Human
D1-145747	AI
D1-145859	AI
D1-145891	Human
D1-145930	Human
D1-146069	Human
D1-146203	AI
D1-146309	Human
D1-146319	Human
D1-146320	AI
D1-146405	Human
D1-146410	AI
D1-146422	Human
D1-146465	Human
D1-146478	Human
D1-146563	Human
D1-146664	Human
D1-146700	Human
D1-146724	AI
D1-146748	Human
D1-146776	Human
D1-146820	AI
D1-146844	AI
D1-146845	Human
D1-146878	AI
D1-146908	Human
D1-146910	AI
D1-146916	Human
D1-146931	AI
D1-146943	Human
D1-147035	AI
D1-147095	Human
D1-147109	Human
D1-147199	AI
D1-147272	Human
D1-147274	Human
D1-147309	AI
D1-147310	AI
D1-147315	Human
D1-147382	Human
D1-147397	Human
D1-147414	AI
D1-147423	Human
D1-147427	Human
D1-147429	AI
D1-147433	Human
D1-147457	Human
D1-147519	AI
D1-147530	AI
D1-147547	Human
D1-147579	AI
D1-147632	Human
D1-147633	AI
D1-147716	Human
D1-147752	AI
D1-147814	AI
D1-147889	AI
D1-147911	Human
D1-147924	AI
D1-147946	Human
D1-147955	Human
D1-147997	AI
D1-148003	AI
D1-148030	Human
D1-148115	AI
D1-148214	AI
D1-148255	AI
D1-148293	Human
D1-148296	AI
D1-148325	AI
D1-148363	AI
D1-148373	Human
D1-148384	AI
D1-148397	AI
D1-148411	AI
D1-148456	Human
D1-148537	AI
D1-148564	AI
D1-148602	AI
D1-148609	Human
D1-148613	Human
D1-148614	AI
D1-148655	AI
D1-148656	AI
D1-148670	AI
D1-148703	Human
D1-148717	Human
D1-148835	AI
D1-148873	Human
D1-148908	Human
D1-148971	AI
D1-148996	Human
D1-149047	Human
D1-149065	Human
D1-149091	Human
D1-149097	AI
D1-149117	AI
D1-149147	Human
D1-149164	AI
D1-149265	AI
D1-149273	Human
D1-149275	AI
D1-149329	Human
D1-149333	AI
D1-149397	AI
D1-149439	Human
D1-149480	Human
D1-149524	AI
D1-149582	Human
D1-149608	AI
D1-149617	Human
D1-149691	Human
D1-149709	Human
D1-149757	Human
D1-149770	AI
D1-149833	AI
D1-149845	AI
D1-149916	Human
D1-149957	Human
D1-149978	AI
D1-149993	AI
D1-150084	Human
D1-150096	AI
D1-150114	AI
D1-150118	Human
D1-150124	AI
D1-150147	AI
D1-150227	Human
D1-150255	AI
D1-150259	Human
D1-150265	AI
D1-150304	Human
D1-150309	AI
D1-150315	AI
D1-150339	AI
D1-150365	Human
D1-150372	Human
D1-150390	AI
D1-150408	Human
D1-150444	AI
D1-150602	AI
D1-150637	Human
D1-150653	AI
D1-150660	Human
D1-150662	AI
D1-150722	AI
D1-150783	AI
D1-150888	AI
D1-150904	AI
D1-150913	Human
D1-150977	AI
D1-150984	Human
D1-151038	AI
D1-151046	AI
D1-151055	AI
D1-151114	AI
D1-151258	AI
D1-151267	Human
D1-151311	AI
D1-151326	AI
D1-151344	AI
D1-151376	Human
D1-151444	Human
D1-151448	Human
D1-151501	Human
D1-151558	Human
D1-151587	AI
D1-151688	AI
D1-151722	AI
D1-151724	Human
D1-151732	AI
D1-151768	Human
D1-151802	AI
D1-151878	AI
D1-151956	Human
D1-151958	AI
D1-151984	Human
D1-152026	Human
D1-152064	AI
D1-152088	AI
D1-152096	AI
D1-152144	Human
D1-152186	AI
D1-152188	AI
D1-152234	AI
D1-152239	Human
D1-152244	AI
D1-152286	Human
D1-152291	AI
D1-152380	AI
D1-152389	AI
D1-152560	AI
D1-152568	Human
D1-152579	AI
D1-152717	Human
D1-152788	AI
D1-152847	AI
D1-152863	Human
D1-152996	AI
D1-152998	AI
D1-153017	AI
D1-153059	Human
D1-153079	AI
D1-153108	Human
D1-153130	AI
D1-153164	Human
D1-153195	AI
D1-153247	AI
D1-153258	Human
D1-153285	Human
D1-153302	AI
D1-153390	Human
D1-153409	Human
D1-153422	AI
D1-153475	AI
D1-153479	AI
D1-153513	AI
D1-153546	AI
D1-153560	AI
D1-153575	AI
D1-153583	AI
D1-153641	Human
D1-153684	Human
D1-153730	AI
D1-153752	AI
D1-153788	Human
D1-153807	Human
D1-153850	Human
D1-153882	AI
D1-153940	Human
D1-153959	Human
D1-153960	Human
D1-153972	AI
D1-154018	AI
D1-154051	Human
D1-154092	Human
D1-154107	AI
D1-154126	AI
D1-154152	AI
D1-154157	Human
D1-154160	AI
D1-154167	Human
D1-154215	Human
D1-154407	AI
D1-154410	AI
D1-154457	AI
D1-154477	Human
D1-154545	AI
D1-154562	Human
D1-154597	AI
D1-154634	AI
D1-154642	AI
D1-154670	Human
D1-154672	Human
D1-154708	Human
D1-154736	AI
D1-154756	Human
D1-154802	Human
D1-154871	AI
D1-154876	Human
D1-154900	Human
D1-154935	AI
D1-154960	Human
D1-154993	AI
D1-155004	AI
D1-155005	AI
D1-155010	AI
D1-155062	Human
D1-155067	AI
D1-155106	AI
D1-155123	Human
D1-155165	Human
D1-155176	Human
D1-155187	AI
D1-155192	AI
D1-155205	AI
D1-155219	Human
D1-155240	AI
D1-155248	Human
D1-155379	Human
D1-155381	AI
D1-155390	Human
D1-155446	AI
D1-155485	AI
D1-155502	AI
D1-155639	AI
D1-155646	Human
D1-155671	AI
D1-155691	Human
D1-155700	Human
D1-155704	Human
D1-155709	Human
D1-155723	Human
D1-155726	Human
D1-155778	AI
D1-155839	AI
D1-155863	AI
D1-155914	AI
D1-155931	AI
D1-155949	AI
D1-155952	AI
D1-155963	Human
D1-155972	AI
D1-155983	Human
D1-155996	Human
D1-155998	AI
D1-156001	AI
D1-156002	AI
D1-156065	Human
D1-156067	AI
D1-156078	Human
D1-156142	AI
D1-156150	AI
D1-156164	Human
D1-156176	AI
D1-156207	AI
D1-156212	Human
D1-156214	AI
D1-156225	AI
D1-156257	Human
D1-156259	Human
D1-156338	AI
D1-156351	AI
D1-156407	AI
D1-156423	AI
D1-156509	AI
D1-156630	AI
D1-156631	AI
D1-156631	Human
D1-156633	AI
D1-156684	Human
D1-156687	AI
D1-156699	AI
D1-156709	AI
D1-156765	AI
D1-156791	Human
D1-156934	Human
D1-156960	AI
D1-156974	Human
D1-156982	AI
D1-157002	AI
D1-157008	Human
D1-157025	AI
D1-157073	Human
D1-157087	Human
D1-157169	Human
D1-157255	Human
D1-157354	AI
D1-157358	Human
D1-157358	AI
D1-157378	AI
D1-157541	Human
D1-157550	Human
D1-157556	AI
D1-157563	AI
D1-157755	Human
D1-157776	AI
D1-157785	Human
D1-157825	Human
D1-157832	AI
D1-157855	Human
D1-157858	AI
D1-157892	AI
D1-157908	AI
D1-157946	AI
D1-157976	AI
D1-157990	Human
D1-158050	AI
D1-158063	Human
D1-158078	Human
D1-158083	AI
D1-158178	Human
D1-158185	AI
D1-158202	AI
D1-158211	AI
D1-158226	AI
D1-158277	AI
D1-158291	AI
D1-158386	AI
D1-158388	Human
D1-158403	Human
D1-158422	AI
D1-158455	AI
D1-158576	AI
D1-158578	AI
D1-158653	AI
D1-158680	AI
D1-158753	Human
D1-158754	AI
D1-158799	Human
D1-158906	AI
D1-158936	Human
D1-158991	AI
D1-159132	Human
D1-159176	AI
D1-159179	AI
D1-159185	AI
D1-159275	AI
D1-159277	AI
D1-159365	AI
D1-159365	AI
D1-159451	AI
D1-159460	AI
D1-159462	Human
D1-159503	AI
D1-159524	AI
D1-159584	AI
D1-159585	AI
D1-159623	AI
D1-159633	AI
D1-159680	Human
D1-159738	AI
D1-159756	Human
D1-159808	Human
D1-159822	AI
D1-159842	AI
D1-159863	Human
D1-159919	Human
D1-159926	AI
D1-159942	AI
D1-159947	Human
D1-159950	Human
D1-159960	Human
D1-160004	Human
D1-160006	Human
D1-160014	Human
D1-160028	AI
D1-160045	AI
D1-160075	AI
D1-160148	AI
D1-160179	AI
D1-160212	Human
D1-160228	Human
D1-160239	AI
D1-160245	AI
D1-160284	AI
D1-160293	AI
D1-160324	Human
D1-160353	AI
D1-160365	AI
D1-160377	Human
D1-160381	Human
D1-160417	AI
D1-160428	Human
D1-160428	AI
D1-160444	Human
D1-160449	Human
D1-160601	AI
D1-160614	AI
D1-160621	AI
D1-160710	Human
D1-160800	AI
D1-160862	Human
D1-160966	AI
D1-161045	Human
D1-161072	AI
D1-161138	Human
D1-161171	Human
D1-161173	Human
D1-161205	AI
D1-161217	AI
D1-161252	AI
D1-161254	AI
D1-161322	Human
D1-161413	AI
D1-161446	AI
D1-161520	AI
D1-161527	AI
D1-161574	AI
D1-161619	AI
D1-161621	Human
D1-161639	AI
D1-161657	Human
D1-161775	AI
D1-161847	Human
D1-161888	AI
D1-161893	AI
D1-161905	Human
D1-161921	Human
D1-161928	AI
D1-161980	Human
D1-161983	Human
D1-161995	Human
D1-162013	AI
D1-162042	Human
D1-162064	AI
D1-162066	AI
D1-162233	AI
D1-162269	Human
D1-162297	AI
D1-162340	Human
D1-162382	Human
D1-162430	AI
D1-162438	AI
D1-162459	AI
D1-162485	Human
D1-162579	Human
D1-162627	AI
D1-162638	AI
D1-162674	AI
D1-162754	AI
D1-162791	AI
D1-162810	AI
D1-162810	AI
D1-162848	Human
D1-162912	Human
D1-162966	Human
D1-163048	AI
D1-163111	Human
D1-163178	Human
D1-163200	AI
D1-163226	AI
D1-163228	AI
D1-163231	Human
D1-163310	AI
D1-163326	AI
D1-163421	Human
D1-163432	Human
D1-163436	AI
D1-163490	AI
D1-163525	AI
D1-163545	AI
D1-163577	AI
D1-163624	AI
D1-163637	AI
D1-163648	AI
D1-163881	Human
D1-163899	AI
D1-163914	AI
D1-163957	AI
D1-163964	AI
D1-163978	Human
D1-164056	AI
D1-164119	AI
D1-164131	AI
D1-164150	Human
D1-164218	AI
D1-164268	AI
D1-164270	AI
D1-164280	Human
D1-164297	AI
D1-164349	Human
D1-164350	Human
D1-164390	AI
D1-164412	AI
D1-164413	Human
D1-164466	AI
D1-164470	AI
D1-164524	AI
D1-164578	Human
D1-164589	Human
D1-164616	AI
D1-164625	AI
D1-164634	AI
D1-164691	AI
D1-164746	Human
D1-164752	AI
D1-164760	AI
D1-164803	Human
D1-164829	AI
D1-164843	AI
D1-164847	AI
D1-164990	Human
D1-164999	Human
D1-165148	AI
D1-165187	Human
D1-165200	AI
D1-165206	Human
D1-165264	AI
D1-165266	Human
D1-165273	Human
D1-165285	Human
D1-165338	Human
D1-165371	AI
D1-165378	Human
D1-165400	AI
D1-165422	AI
D1-165428	Human
D1-165440	Human
D1-165511	Human
D1-165542	Human
D1-165562	Human
D1-165566	AI
D1-165573	AI
D1-165595	AI
D1-165641	Human
D1-165645	Human
D1-165647	Human
D1-165695	AI
D1-165730	Human
D1-165820	AI
D1-165906	AI
D1-165928	Human
D1-166012	AI
D1-166076	Human
D1-166141	AI
D1-166148	Human
D1-166167	Human
D1-166186	Human
D1-166233	Human
D1-166234	Human
D1-166258	AI
D1-166271	AI
D1-166289	AI
D1-166344	Human
D1-166350	Human
D1-166350	AI
D1-166416	AI
D1-166431	Human
D1-166471	Human
D1-166551	AI
D1-166569	Human
D1-166626	AI
D1-166650	AI
D1-166724	AI
D1-166746	Human
D1-166763	Human
D1-166818	Human
D1-166836	AI
D1-166844	AI
D1-166874	AI
D1-166875	Human
D1-166941	Human
D1-167026	Human
D1-167074	AI
D1-167095	AI
D1-167096	AI
D1-167206	Human
D1-167241	AI
D1-167297	AI
D1-167302	AI
D1-167303	AI
D1-167451	Human
D1-167466	Human
D1-167508	AI
D1-167540	Human
D1-167647	Human
D1-167686	AI
D1-167693	Human
D1-167714	AI
D1-167770	AI
D1-167782	AI
D1-167794	Human
D1-167801	AI
D1-167805	AI
D1-167885	AI
D1-167911	AI
D1-167960	AI
D1-167963	AI
D1-167998	AI
D1-168043	Human
D1-168051	Human
D1-168070	Human
D1-168089	Human
D1-168194	AI
D1-168223	Human
D1-168269	AI
D1-168282	AI
D1-168308	AI
D1-168340	Human
D1-168383	AI
D1-168385	Human
D1-168548	Human
D1-168575	AI
D1-168581	AI
D1-168585	Human
D1-168589	AI
D1-168609	Human
D1-168618	AI
D1-168667	Human
D1-168699	AI
D1-168847	AI
D1-168883	AI
D1-169105	Human
D1-169136	Human
D1-169155	Human
D1-169298	AI
D1-169327	AI
D1-169345	Human
D1-169416	Human
D1-169437	AI
D1-169460	AI
D1-169468	AI
D1-169507	AI
D1-169543	AI
D1-169554	Human
D1-169575	AI
D1-169600	Human
D1-169616	AI
D1-169643	Human
D1-169655	AI
D1-169702	Human
D1-169737	AI
D1-169755	AI
D1-169854	AI
D1-169891	AI
D1-169935	AI
D1-169941	Human
D1-170001	Human
D1-170005	Human
D1-170073	AI
D1-170183	AI
D1-170218	AI
D1-170258	AI
D1-170294	AI
D1-170366	AI
D1-170371	AI
D1-170381	Human
D1-170383	Human
D1-170502	AI
D1-170519	Human
D1-170536	AI
D1-170556	AI
D1-170558	Human
D1-170573	AI
D1-170579	Human
D1-170627	Human
D1-170645	Human
D1-170685	AI
D1-170687	AI
D1-170707	Human
D1-170795	AI
D1-170797	Human
D1-170839	AI
D1-170843	AI
D1-170868	AI
D1-170925	Human
D1-170931	AI
D1-170934	AI
D1-170979	AI
D1-170986	AI
D1-170997	AI
D1-171002	AI
D1-171028	AI
D1-171037	AI
D1-171058	AI
D1-171071	AI
D1-171075	Human
D1-171098	AI
D1-171127	AI
D1-171137	AI
D1-171217	Human
D1-171238	AI
D1-171256	Human
D1-171312	AI
D1-171363	AI
D1-171440	AI
D1-171461	AI
D1-171530	AI
D1-171537	AI
D1-171552	AI
D1-171556	AI
D1-171567	Human
D1-171576	AI
D1-171592	Human
D1-171602	AI
D1-171664	AI
D1-171743	AI
D1-171756	Human
D1-171763	AI
D1-171786	Human
D1-171835	Human
D1-171838	AI
D1-171839	AI
D1-171855	AI
D1-171878	Human
D1-171906	Human
D1-171923	AI
D1-172047	Human
D1-172113	Human
D1-172136	Human
D1-172197	AI
D1-172224	AI
D1-172269	AI
D1-172371	Human
D1-172399	AI
D1-172402	AI
D1-172481	AI
D1-172485	AI
D1-172504	AI
D1-172532	AI
D1-172542	AI
D1-172557	AI
D1-172581	AI
D1-172587	Human
D1-172596	Human
D1-172603	AI
D1-172617	AI
D1-172630	AI
D1-172647	AI
D1-172659	AI
D1-172666	Human
D1-172681	AI
D1-172685	AI
D1-172717	AI
D1-172735	AI
D1-172740	AI
D1-172745	AI
D1-172754	AI
D1-172759	AI
D1-172764	Human
D1-172778	AI
D1-172785	AI
D1-172806	AI
D1-172818	AI
D1-172824	AI
D1-172835	Human
D1-172838	AI
D1-172842	Human
D1-172845	AI
D1-172852	AI
D1-172930	AI
D1-172947	AI
D1-172961	AI
D1-172964	AI
D1-172975	AI
D1-172982	AI
D1-173031	AI
D1-173039	AI
D1-173044	AI
D1-173062	AI
D1-173082	Human
D1-173120	AI
D1-173121	AI
D1-173123	AI
D1-173175	Human
D1-173180	AI
D1-173190	AI
D1-173199	AI
D1-173203	Human
D1-173207	AI
D1-173214	AI
D1-173233	AI
D1-173241	Human
D1-173245	AI
D1-173255	AI
D1-173274	AI
D1-173275	AI
D1-173308	Human
D1-173329	AI
D1-173361	AI
D1-173422	AI
D1-173476	Human
D1-173484	AI
D1-173523	Human
D1-173523	AI
D1-173526	AI
D1-173552	AI
D1-173555	Human
D1-173596	AI
D1-173603	Human
D1-173604	AI
D1-173612	AI
D1-173621	AI
D1-173625	AI
D1-173639	AI
D1-173640	AI
D1-173646	AI
D1-173664	AI
D1-173670	AI
D1-173700	AI
D1-173716	AI
D1-173728	Human
D1-173742	AI
D1-173774	AI
D1-173829	AI
D1-173855	AI
D1-173857	Human
D1-173859	AI
D1-173864	AI
D1-173884	AI
D1-173892	Human
D1-173908	AI
D1-173932	AI
D1-173978	AI
D1-174006	AI
D1-174052	AI
D1-174068	AI
D1-174078	AI
D1-174125	AI
D1-174130	AI
D1-174195	Human
D1-174212	AI
D1-174248	AI
D1-174251	AI
D1-174254	AI
D1-174257	AI
D1-174267	AI
D1-174279	AI
D1-174283	Human
D1-174287	AI
D1-174297	AI
D1-174310	AI
D1-174323	AI
D1-174337	AI
D1-174342	AI
D1-174353	AI
D1-174369	AI
D1-174382	AI
D1-174383	AI
D1-174385	Human
D1-174399	AI
D1-174404	AI
D1-174409	AI
D1-174453	AI
D1-174461	AI
D1-174475	Human
D1-174518	AI
D1-174532	AI
D1-174536	AI
D1-174542	Human
D1-174543	Human
D1-174557	AI
D1-174568	Human
D1-174632	AI
D1-174653	AI
D1-174658	AI
D1-174695	AI
D1-174727	AI
D1-174728	AI
D1-174758	Human
D1-174761	AI
D1-174797	Human
D1-174802	AI
D1-174804	AI
D1-174823	Human
D1-174846	AI
D1-174860	AI
D1-174879	AI
D1-174887	Human
D1-174895	AI
D1-174911	AI
D1-174924	AI
D1-174970	Human
D1-174970	Human
D1-174975	Human
D1-175059	Human
D1-175076	Human
D1-175078	AI
D1-175120	Human
D1-175125	AI
D1-175126	AI
D1-175134	AI
D1-175176	Human
D1-175194	AI
D1-175202	AI
D1-175202	AI
D1-175221	Human
D1-175227	AI
D1-175237	AI
D1-175240	Human
D1-175284	AI
D1-175303	Human
D1-175319	Human
D1-175332	AI
D1-175336	AI
D1-175386	AI
D1-175389	AI
D1-175400	AI
D1-175434	AI
D1-175450	Human
D1-175512	AI
D1-175521	Human
D1-175559	AI
D1-175559	AI
D1-175568	Human
D1-175573	Human
D1-175599	AI
D1-175604	AI
D1-175605	AI
D1-175626	Human
D1-175645	AI
D1-175647	AI
D1-175653	AI
D1-175659	AI
D1-175662	AI
D1-175677	AI
D1-175681	AI
D1-175692	AI
D1-175705	AI
D1-175714	AI
D1-175732	AI
D1-175763	Human
D1-175831	AI
D1-175843	AI
D1-175843	Human
D1-175845	AI
D1-175857	AI
D1-175858	AI
D1-175865	AI
D1-175900	AI
D1-175900	Human
D1-175930	AI
D1-176015	AI
D1-176022	AI
D1-176072	AI
D1-176076	AI
D1-176107	AI
D1-176119	Human
D1-176123	AI
D1-176130	AI
D1-176137	AI
D1-176140	AI
D1-176143	AI
D1-176160	AI
D1-176162	AI
D1-176168	AI
D1-176212	Human
D1-176215	AI
D1-176216	AI
D1-176219	AI
D1-176221	AI
D1-176241	AI
D1-176255	AI
D1-176256	Human
D1-176257	AI
D1-176262	Human
D1-176293	AI
D1-176301	AI
D1-176303	Human
D1-176323	AI
D1-176324	AI
D1-176329	AI
D1-176355	AI
D1-176392	AI
D1-176411	AI
D1-176442	AI
D1-176456	AI
D1-176483	AI
D1-176496	AI
D1-176506	Human
D1-176522	Human
D1-176532	Human
D1-176548	AI
D1-176597	Human
D1-176603	AI
D1-176620	AI
D1-176634	Human
D1-176638	AI
D1-176642	AI
D1-176657	AI
D1-176662	AI
D1-176671	AI
D1-176708	AI
D1-176709	AI
D1-176713	AI
D1-176727	Human
D1-176733	AI
D1-176736	AI
D1-176742	AI
D1-176749	Human
D1-176759	AI
D1-176784	Human
D1-176792	AI
D1-176807	AI
D1-176816	AI
D1-176821	AI
D1-176855	Human
D1-176858	Human
D1-176886	AI
D1-176998	AI
D1-177075	AI
D1-177083	AI
D1-177096	AI
D1-177123	Human
D1-177153	AI
D1-177192	AI
D1-177197	Human
D1-177218	AI
D1-177243	AI
D1-177254	AI
D1-177333	AI
D1-177358	AI
D1-177361	AI
D1-177363	Human
D1-177365	Human
D1-177366	Human
D1-177385	AI
D1-177401	AI
D1-177474	AI
D1-177481	AI
D1-177488	AI
D1-177490	AI
D1-177503	AI
D1-177536	AI
D1-177573	Human
D1-177642	Human
D1-177645	AI
D1-177668	AI
D1-177691	Human
D1-177697	AI
D1-177704	AI
D1-177706	AI
D1-177727	Human
D1-177758	Human
D1-177782	AI
D1-177802	Human
D1-177811	Human
D1-177845	AI
D1-177868	AI
D1-177898	AI
D1-177913	Human
D1-177916	AI
D1-177936	AI
D1-177951	AI
D1-177960	AI
D1-177994	AI
D1-178010	Human
D1-178012	AI
D1-178051	Human
D1-178075	AI
D1-178077	AI
D1-178092	AI
D1-178096	AI
D1-178105	AI
D1-178117	AI
D1-178149	AI
D1-178157	AI
D1-178184	AI
D1-178193	AI
D1-178222	Human
D1-178226	AI
D1-178236	AI
D1-178244	AI
D1-178288	Human
D1-178329	AI
D1-178339	Human
D1-178357	AI
D1-178392	AI
D1-178403	AI
D1-178434	Human
D1-178440	Human
D1-178449	AI
D1-178461	AI
D1-178464	Human
D1-178507	AI
D1-178523	AI
D1-178524	AI
D1-178534	AI
D1-178544	Human
D1-178565	AI
D1-178572	AI
D1-178587	AI
D1-178595	AI
D1-178635	AI
D1-178648	AI
D1-178678	Human
D1-178692	AI
D1-178701	Human
D1-178703	AI
D1-178726	AI
D1-178780	Human
D1-178785	AI
D1-178811	AI
D1-178813	AI
D1-178840	AI
D1-178849	AI
D1-178860	AI
D1-178870	Human
D1-178873	Human
D1-178876	AI
D1-178878	AI
D1-178894	AI
D1-178922	Human
D1-178925	Human
D1-178943	AI
D1-178982	Human
D1-179013	AI
D1-179019	AI
D1-179035	AI
D1-179045	Human
D1-179061	AI
D1-179062	AI
D1-179080	AI
D1-179094	AI
D1-179131	AI
D1-179157	AI
D1-179159	AI
D1-179206	AI
D1-179217	AI
D1-179255	AI
D1-179272	Human
D1-179279	AI
D1-179286	AI
D1-179303	Human
D1-179330	AI
D1-179394	AI
D1-179438	AI
D1-179443	AI
D1-179455	AI
D1-179465	AI
D1-179480	AI
D1-179492	Human
D1-179496	AI
D1-179499	Human
D1-179512	Human
D1-179522	AI
D1-179542	Human
D1-179548	AI
D1-179548	Human
D1-179557	AI
D1-179584	Human
D1-179642	AI
D1-179657	AI
D1-179659	Human
D1-179669	AI
D1-179670	AI
D1-179682	AI
D1-179693	AI
D1-179704	AI
D1-179729	Human
D1-179748	AI
D1-179748	AI
D1-179769	AI
D1-179792	AI
D1-179797	AI
D1-179800	AI
D1-179826	Human
D1-179847	AI
D1-179851	AI
D1-179905	AI
D1-179917	AI
D1-179929	AI
D1-179931	AI
D1-179939	AI
D1-179969	AI
D1-179995	AI
D1-179997	AI
D1-180045	AI
D1-180061	AI
D1-180107	Human
D1-180141	AI
D1-180162	AI
D1-180204	AI
D1-180209	AI
D1-180223	Human
D1-180229	Human
D1-180249	AI
D1-180257	AI
D1-180287	AI
D1-180293	AI
D1-180322	AI
D1-180323	AI
D1-180334	AI
D1-180358	AI
D1-180361	AI
D1-180396	AI
D1-180412	AI
D1-180416	AI
D1-180434	Human
D1-180461	AI
D1-180467	Human
D1-180468	AI
D1-180525	AI
D1-180536	AI
D1-180553	AI
D1-180554	AI
D1-180559	Human
D1-180606	AI
D1-180608	AI
D1-180626	AI
D1-180702	AI
D1-180705	Human
D1-180749	AI
D1-180755	AI
D1-180783	AI
D1-180786	Human
D1-180808	AI
D1-180856	AI
D1-180872	AI
D1-180877	AI
D1-180920	AI
D1-180946	AI
D1-180980	Human
D1-181001	Human
D1-181007	AI
D1-181017	AI
D1-181050	Human
D1-181069	AI
D1-181078	AI
D1-181107	Human
D1-181108	AI
D1-181123	AI
D1-181125	AI
D1-181170	AI
D1-181183	AI
D1-181196	AI
D1-181211	AI
D1-181222	AI
D1-181241	AI
D1-181278	AI
D1-181328	Human
D1-181341	AI
D1-181345	AI
D1-181356	AI
D1-181367	AI
D1-181382	AI
D1-181388	AI
D1-181418	AI
D1-181425	AI
D1-181433	AI
D1-181444	AI
D1-181450	AI
D1-181459	Human
D1-181463	AI
D1-181469	AI
D1-181475	AI
D1-181491	Human
D1-181492	AI
D1-181497	AI
D1-181513	AI
D1-181515	AI
D1-181517	AI
D1-181524	AI
D1-181536	Human
D1-181564	Human
D1-181615	AI
D1-181617	AI
D1-181624	AI
D1-181639	Human
D1-181643	Human
D1-181650	AI
D1-181706	Human
D1-181713	AI
D1-181716	AI
D1-181722	AI
D1-181729	AI
D1-181730	AI
D1-181733	AI
D1-181742	AI
D1-181770	AI
D1-181782	Human
D1-181792	AI
D1-181804	AI
D1-181838	AI
D1-181862	AI
D1-181866	AI
D1-181866	Human
D1-181883	AI
D1-181894	AI
D1-181901	AI
D1-181924	AI
D1-181973	AI
D1-181991	AI
D1-182026	AI
D1-182045	AI
D1-182047	AI
D1-182050	AI
D1-182117	AI
D1-182121	AI
D1-182148	AI
D1-182167	AI
D1-182170	AI
D1-182186	AI
D1-182198	AI
D1-182215	AI
D1-182228	Human
D1-182245	Human
D1-182257	AI
D1-182273	AI
D1-182285	AI
D1-182303	AI
D1-182305	Human
D1-182313	AI
D1-182325	AI
D1-182326	AI
D1-182351	AI
D1-182353	Human
D1-182355	AI
D1-182356	AI
D1-182359	AI
D1-182385	AI
D1-182390	AI
D1-182426	Human
D1-182437	Human
D1-182521	AI
D1-182539	Human
D1-182590	AI
D1-182603	AI
D1-182647	AI
D1-182702	AI
D1-182707	Human
D1-182708	AI
D1-182718	AI
D1-182760	AI
D1-182781	AI
D1-182781	Human
D1-182813	AI
D1-182819	AI
D1-182832	Human
D1-182833	Human
D1-182852	AI
D1-182873	AI
D1-182886	AI
D1-182901	AI
D1-182901	AI
D1-182905	AI
D1-182914	AI
D1-182920	Human
D1-182926	Human
D1-182945	Human
D1-182962	AI
D1-182969	AI
D1-183019	AI
D1-183025	Human
D1-183048	AI
D1-183089	AI
D1-183112	AI
D1-183124	AI
D1-183129	AI
D1-183150	AI
D1-183151	Human
D1-183189	AI
D1-183204	AI
D1-183206	Human
D1-183211	AI
D1-183219	Human
D1-183222	AI
D1-183234	AI
D1-183243	AI
D1-183316	Human
D1-183326	AI
D1-183327	Human
D1-183329	Human
D1-183411	AI
D1-183437	Human
D1-183439	AI
D1-183444	AI
D1-183475	AI
D1-183476	Human
D1-183477	AI
D1-183501	AI
D1-183504	AI
D1-183519	AI
D1-183525	AI
D1-183609	AI
D1-183613	AI
D1-183615	AI
D1-183626	AI
D1-183635	AI
D1-183705	Human
D1-183713	AI
D1-183723	AI
D1-183725	Human
D1-183728	Human
D1-183761	AI
D1-183770	AI
D1-183799	AI
D1-183822	AI
D1-183824	AI
D1-183831	AI
D1-183845	AI
D1-183930	AI
D1-183950	Human
D1-183954	AI
D1-183982	AI
D1-183996	Human
D1-184004	AI
D1-184012	AI
D1-184017	AI
D1-184039	AI
D1-184045	AI
D1-184053	AI
D1-184071	AI
D1-184103	AI
D1-184147	AI
D1-184163	AI
D1-184169	Human
D1-184190	AI
D1-184198	Human
D1-184203	AI
D1-184206	Human
D1-184221	Human
D1-184221	AI
D1-184280	AI
D1-184292	Human
D1-184320	AI
D1-184340	Human
D1-184351	AI
D1-184352	AI
D1-184364	AI
D1-184380	Human
D1-184398	AI
D1-184413	AI
D1-184417	AI
D1-184418	Human
D1-184439	AI
D1-184446	Human
D1-184508	AI
D1-184531	AI
D1-184563	AI
D1-184576	Human
D1-184583	AI
D1-184623	AI
D1-184644	Human
D1-184658	AI
D1-184677	Human
D1-184690	AI
D1-184693	AI
D1-184695	AI
D1-184718	Human
D1-184734	AI
D1-184747	Human
D1-184748	AI
D1-184753	AI
D1-184847	AI
D1-184857	Human
D1-184886	Human
D1-184925	AI
D1-184944	AI
D1-184997	AI
D1-185008	AI
D1-185032	AI
D1-185054	AI
D1-185058	AI
D1-185180	AI
D1-185181	AI
D1-185203	AI
D1-185222	AI
D1-185253	AI
D1-185269	AI
D1-185272	AI
D1-185318	Human
D1-185338	AI
D1-185354	AI
D1-185359	Human
D1-185408	AI
D1-185443	Human
D1-185449	AI
D1-185481	Human
D1-185502	Human
D1-185509	Human
D1-185535	Human
D1-185537	Human
D1-185541	Human
D1-185550	AI
D1-185575	AI
D1-185582	AI
D1-185604	Human
D1-185636	AI
D1-185636	Human
D1-185748	AI
D1-185749	Human
D1-185762	Human
D1-185834	AI
D1-185845	Human
D1-185849	AI
D1-185851	AI
D1-185900	Human
D1-185943	AI
D1-185972	AI
D1-185980	AI
D1-186176	Human
D1-186203	Human
D1-186206	AI
D1-186219	AI
D1-186242	AI
D1-186261	AI
D1-186306	Human
D1-186321	Human
D1-186349	AI
D1-186390	AI
D1-186437	Human
D1-186448	AI
D1-186465	Human
D1-186467	AI
D1-186485	AI
D1-186534	AI
D1-186557	AI
D1-186588	AI
D1-186614	Human
D1-186657	Human
D1-186666	AI
D1-186672	AI
D1-186716	AI
D1-186741	AI
D1-186777	AI
D1-186781	Human
D1-186865	AI
D1-186909	AI
D1-186930	AI
D1-186984	AI
D1-187041	Human
D1-187057	AI
D1-187078	AI
D1-187098	AI
D1-187099	AI
D1-187114	AI
D1-187124	AI
D1-187168	Human
D1-187184	AI
D1-187241	Human
D1-187255	AI
D1-187275	AI
D1-187307	AI
D1-187309	AI
D1-187313	AI
D1-187326	AI
D1-187331	Human
D1-187341	AI
D1-187357	AI
D1-187358	Human
D1-187385	AI
D1-187408	Human
D1-187473	Human
D1-187517	AI
D1-187548	AI
D1-187551	AI
D1-187552	Human
D1-187555	AI
D1-187604	AI
D1-187641	Human
D1-187701	AI
D1-187712	Human
D1-187754	AI
D1-187841	Human
D1-187853	AI
D1-187860	AI
D1-187902	Human
D1-187912	Human
D1-187915	AI
D1-187931	AI
D1-187971	AI
D1-187989	AI
D1-188013	AI
D1-188039	AI
D1-188095	AI
D1-188103	AI
D1-188128	AI
D1-188131	Human
D1-188139	AI
D1-188148	AI
D1-188156	Human
D1-188175	AI
D1-188201	AI
D1-188232	AI
D1-188269	AI
D1-188286	Human
D1-188310	AI
D1-188336	AI
D1-188343	AI
D1-188353	AI
D1-188361	AI
D1-188370	AI
D1-188381	AI
D1-188381	Human
D1-188385	AI
D1-188386	Human
D1-188387	AI
D1-188406	AI
D1-188455	AI
D1-188464	Human
D1-188485	AI
D1-188500	Human
D1-188536	Human
D1-188538	Human
D1-188603	AI
D1-188641	AI
D1-188661	AI
D1-188668	AI
D1-188697	Human
D1-188758	AI
D1-188774	AI
D1-188775	AI
D1-188818	AI
D1-188825	AI
D1-188852	Human
D1-188858	AI
D1-188901	AI
D1-188925	AI
D1-188950	AI
D1-188970	AI
D1-188982	AI
D1-188996	Human
D1-189000	AI
D1-189015	AI
D1-189026	AI
D1-189033	Human
D1-189095	Human
D1-189104	Human
D1-189112	AI
D1-189144	AI
D1-189147	AI
D1-189150	Human
D1-189171	AI
D1-189210	AI
D1-189223	AI
D1-189246	AI
D1-189268	AI
D1-189296	Human
D1-189321	AI
D1-189335	AI
D1-189344	AI
D1-189368	Human
D1-189397	AI
D1-189400	AI
D1-189404	AI
D1-189418	AI
D1-189419	Human
D1-189429	AI
D1-189439	AI
D1-189468	AI
D1-189471	Human
D1-189498	AI
D1-189519	AI
D1-189574	AI
D1-189576	AI
D1-189687	AI
D1-189725	AI
D1-189764	Human
D1-189770	AI
D1-189779	AI
D1-189809	Human
D1-189832	Human
D1-189912	AI
D1-189919	AI
D1-189936	AI
D1-189937	AI
D1-189954	Human
D1-189959	AI
D1-189985	Human
D1-190021	AI
D1-190036	AI
D1-190044	AI
D1-190058	AI
D1-190069	AI
D1-190093	Human
D1-190122	Human
D1-190150	Human
D1-190153	Human
D1-190160	AI
D1-190169	AI
D1-190183	AI
D1-190195	AI
D1-190205	AI
D1-190227	AI
D1-190231	AI
D1-190234	AI
D1-190251	Human
D1-190265	AI
D1-190325	AI
D1-190399	AI
D1-190418	Human
D1-190447	AI
D1-190453	AI
D1-190468	AI
D1-190503	AI
D1-190523	Human
D1-190564	AI
D1-190606	Human
D1-190652	Human
D1-190667	AI
D1-190669	Human
D1-190690	Human
D1-190704	AI
D1-190716	AI
D1-190716	AI
D1-190720	AI
D1-190757	Human
D1-190758	Human
D1-190769	AI
D1-190773	Human
D1-190787	Human
D1-190868	Human
D1-190879	Human
D1-190893	Human
D1-190902	AI
D1-190925	AI
D1-191026	AI
D1-191062	AI
D1-191065	AI
D1-191087	AI
D1-191089	Human
D1-191128	AI
D1-191169	AI
D1-191192	Human
D1-191215	Human
D1-191216	Human
D1-191262	AI
D1-191264	Human
D1-191278	AI
D1-191288	Human
D1-191290	AI
D1-191310	AI
D1-191314	AI
D1-191343	Human
D1-191376	AI
D1-191379	AI
D1-191400	AI
D1-191412	Human
D1-191424	Human
D1-191435	AI
D1-191446	Human
D1-191447	AI
D1-191450	Human
D1-191457	AI
D1-191489	AI
D1-191505	AI
D1-191538	AI
D1-191684	Human
D1-191708	Human
D1-191719	AI
D1-191793	AI
D1-191825	Human
D1-191829	AI
D1-191833	AI
D1-191834	Human
D1-191854	Human
D1-191902	AI
D1-191925	AI
D1-191933	AI
D1-191949	AI
D1-191971	AI
D1-191983	AI
D1-192018	Human
D1-192035	AI
D1-192180	AI
D1-192188	AI
D1-192233	AI
D1-192250	AI
D1-192276	AI
D1-192292	AI
D1-192326	AI
D1-192394	Human
D1-192403	AI
D1-192424	Human
D1-192428	AI
D1-192459	AI
D1-192469	AI
D1-192473	AI
D1-192511	AI
D1-192520	AI
D1-192521	AI
D1-192610	AI
D1-192618	AI
D1-192626	AI
D1-192649	AI
D1-192677	AI
D1-192707	AI
D1-192713	Human
D1-192722	AI
D1-192728	AI
D1-192737	Human
D1-192739	AI
D1-192753	AI
D1-192772	AI
D1-192782	AI
D1-192806	AI
D1-192819	AI
D1-192832	AI
D1-192850	Human
D1-192897	Human
D1-192897	AI
D1-192899	AI
D1-192904	AI
D1-192932	AI
D1-192938	AI
D1-192939	Human
D1-192953	AI
D1-192997	AI
D1-193018	AI
D1-193021	AI
D1-193023	AI
D1-193025	AI
D1-193054	AI
D1-193059	AI
D1-193068	AI
D1-193099	AI
D1-193116	Human
D1-193117	Human
D1-193145	AI
D1-193153	AI
D1-193214	AI
D1-193214	Human
D1-193227	AI
D1-193253	AI
D1-193261	AI
D1-193267	AI
D1-193312	AI
D1-193325	AI
D1-193344	AI
D1-193350	AI
D1-193352	AI
D1-193364	AI
D1-193373	Human
D1-193377	AI
D1-193399	AI
D1-193401	AI
D1-193408	AI
D1-193418	AI
D1-193441	AI
D1-193449	AI
D1-193451	AI
D1-193472	AI
D1-193482	AI
D1-193499	AI
D1-193503	AI
D1-193551	Human
D1-193554	AI
D1-193583	AI
D1-193587	AI
D1-193604	Human
D1-193618	AI
D1-193647	AI
D1-193648	AI
D1-193655	AI
D1-193669	AI
D1-193672	AI
D1-193727	AI
D1-193742	AI
D1-193745	AI
D1-193852	AI
D1-193872	AI
D1-194063	AI
D1-194134	AI
D1-194157	Human
D1-194210	Human
D1-194245	AI
D1-194249	AI
D1-194270	Human
D1-194292	Human
D1-194321	Human
D1-194362	Human
D1-194393	Human
D1-194411	Human
D1-194419	AI
D1-194452	Human
D1-194503	AI
D1-194523	AI
D1-194587	Human
D1-194678	AI
D1-194705	AI
D1-194711	Human
D1-194716	AI
D1-194722	Human
D1-194763	AI
D1-194783	AI
D1-194830	Human
D1-194847	AI
D1-194953	Human
D1-194967	AI
D1-194970	AI
D1-194978	Human
D1-194984	AI
D1-195024	Human
D1-195044	AI
D1-195106	Human
D1-195116	Human
D1-195124	Human
D1-195145	Human
D1-195166	AI
D1-195237	Human
D1-195298	AI
D1-195327	AI
D1-195356	Human
D1-195371	AI
D1-195374	Human
D1-195507	Human
D1-195522	Human
D1-195619	Human
D1-195658	Human
D1-195772	AI
D1-195784	AI
D1-195808	AI
D1-195817	Human
D1-195864	AI
D1-195899	Human
D1-196009	AI
D1-196034	Human
D1-196053	AI
D1-196068	Human
D1-196074	AI
D1-196095	AI
D1-196105	AI
D1-196187	AI
D1-196197	AI
D1-196257	AI
D1-196356	AI
D1-196387	AI
D1-196399	Human
D1-196465	Human
D1-196654	AI
D1-196686	Human
D1-196747	AI
D1-196748	AI
D1-196829	AI
D1-196843	Human
D1-196884	Human
D1-196937	AI
D1-196939	Human
D1-197117	AI
D1-197297	Human
D1-197314	Human
D1-197356	Human
D1-197374	Human
D1-197376	Human
D1-197386	Human
D1-197439	AI
D1-197472	Human
D1-197484	Human
D1-197550	Human
D1-197639	AI
D1-197724	Human
D1-197750	Human
D1-197769	Human
D1-197809	Human
D1-197860	Human
D1-197887	AI
D1-197893	Human
D1-197911	AI
D1-197921	AI
D1-198063	AI
D1-198096	Human
D1-198116	Human
D1-198128	Human
D1-198155	Human
D1-198223	Human
D1-198224	Human
D1-198366	Human
D1-198410	Human
D1-198503	AI
D1-198507	Human
D1-198580	AI
D1-198585	Human
D1-198710	AI
D1-198715	AI
D1-198729	Human
D1-198734	AI
D1-198735	Human
D1-198774	Human
D1-198801	Human
D1-198857	AI
D1-198864	Human
D1-198888	Human
